timestamp,solar_irradiance,wind_speed,temperature,humidity,atmospheric_pressure,grid_load_demand
01-01-2023 00:00,0,18.77028453,18.09490515,53.21560977,1004.872349,294.401249
01-01-2023 01:00,0,6.63860462,11.66904241,63.90699727,1009.493484,185.824084
01-01-2023 02:00,0,14.29674223,12.94582621,26.2341792,970.7530135,347.3635743
01-01-2023 03:00,0,22.35757233,38.47860259,53.16523787,970.8332857,193.6417711
01-01-2023 04:00,0,11.87994299,4.807723413,69.22833048,977.6218169,244.0235719
01-01-2023 05:00,0,23.62793768,21.36622348,48.94358043,1021.172159,73.56216839
01-01-2023 06:00,0,5.361455733,11.00313348,71.15026022,1010.626606,496.6421315
01-01-2023 07:00,911.7991922,1.853977644,-6.942690948,50.60721525,1034.576265,278.4246725
01-01-2023 08:00,207.3324401,22.28634683,14.46654158,40.02396228,979.5658572,60.90691737
01-01-2023 09:00,361.1192822,21.19202995,30.66716645,37.32445424,1041.206806,293.5537964
01-01-2023 10:00,967.2193408,24.8147469,-5.062351566,46.98118531,1024.370616,441.6592997
01-01-2023 11:00,690.7214772,16.9848372,-6.52040763,12.07806604,989.501167,397.6484604
01-01-2023 12:00,409.3370933,23.41719817,-2.31842398,70.16726246,959.5262066,365.4080079
01-01-2023 13:00,253.5928755,20.67372563,28.22000557,86.05950769,975.6983662,112.7590946
01-01-2023 14:00,222.5530724,21.11065833,26.19976921,41.9164385,1045.676822,345.9816855
01-01-2023 15:00,395.7960637,14.22853926,18.25088845,14.14298225,981.0363376,394.8342701
01-01-2023 16:00,905.1886557,9.559114948,13.4113202,98.80980376,982.990096,307.5885788
01-01-2023 17:00,532.7309234,23.36395181,34.41629074,33.73284299,968.9588931,451.737052
01-01-2023 18:00,0,10.80292939,28.33489119,21.39590095,1030.68506,174.6454018
01-01-2023 19:00,0,13.47048418,30.59711257,43.27772572,977.564423,158.9651149
01-01-2023 20:00,0,11.15285768,30.66311507,76.47013366,983.0258248,441.3063852
01-01-2023 21:00,0,14.12045785,22.13585774,36.45249372,991.4348108,331.4292093
01-01-2023 22:00,0,11.76262697,12.90073122,61.72328835,993.372828,50.65124923
01-01-2023 23:00,0,1.199188964,33.23388763,47.4003995,991.134079,208.9091338
02-01-2023 00:00,0,22.05120465,36.30037088,20.5987593,1000.37437,436.0351936
02-01-2023 01:00,0,11.10984547,-8.809697837,39.72583112,1031.451288,62.29378024
02-01-2023 02:00,0,14.72359121,-7.422256337,75.23834551,1031.928504,51.46156772
02-01-2023 03:00,0,3.479695069,37.93716485,65.08035076,1029.831313,176.5666807
02-01-2023 04:00,0,0.0846962,3.858030692,20.78005419,960.1124839,461.3000167
02-01-2023 05:00,0,6.132252341,33.66847198,24.69901687,1029.96788,455.6649117
02-01-2023 06:00,0,17.6146508,9.439755948,67.66600234,962.0251773,283.4428756
02-01-2023 07:00,903.5701548,2.479863253,-4.04499712,83.20738729,962.472377,298.956592
02-01-2023 08:00,528.0190294,22.72218601,-5.97783999,41.45270464,1044.786277,199.4036051
02-01-2023 09:00,585.5959342,5.375564234,-2.174605046,63.57796767,1031.939784,159.6814979
02-01-2023 10:00,256.3685421,5.114840357,2.494659743,25.35792299,1005.241047,416.8498344
02-01-2023 11:00,422.5149124,4.537699041,14.4259177,38.02387032,1037.49702,97.83268722
02-01-2023 12:00,459.6053193,0.349542824,25.07489503,11.82431851,1048.936464,269.3094669
02-01-2023 13:00,956.097959,19.29513671,39.31992882,79.1448353,1011.064207,335.4787668
02-01-2023 14:00,426.1338884,21.87586328,12.07533716,46.09088378,1011.289844,96.65613067
02-01-2023 15:00,568.6949882,15.35406757,15.90924712,83.45130163,1025.442703,283.823193
02-01-2023 16:00,737.0435389,4.704999542,16.09078507,73.75356964,973.2138952,309.8845796
02-01-2023 17:00,329.7466979,7.131949924,16.97171777,84.58698392,966.7124862,384.1232272
02-01-2023 18:00,0,11.89816743,15.88703286,35.70928026,1025.958075,155.6762221
02-01-2023 19:00,0,23.85864879,-9.561262247,26.65978574,984.4904795,181.9973765
02-01-2023 20:00,0,6.183784295,-9.913758895,97.47151144,963.5070356,306.284516
02-01-2023 21:00,0,18.2911476,-5.116684094,74.55950083,981.4877726,492.4068845
02-01-2023 22:00,0,10.98620558,-4.922169829,85.06380411,985.8636868,147.8719323
02-01-2023 23:00,0,7.446183709,25.24484545,11.18200363,1046.522766,493.6567222
03-01-2023 00:00,0,11.39789843,0.245801626,41.90154583,1019.795971,371.4541399
03-01-2023 01:00,0,1.780167939,34.73570524,76.85350215,1003.085632,421.7369313
03-01-2023 02:00,0,19.96718427,36.43031648,17.01845497,1046.887314,90.33857071
03-01-2023 03:00,0,6.0825482,38.79466689,61.06059366,1040.313974,185.1890843
03-01-2023 04:00,0,18.13530308,36.95406524,48.61654907,1001.200086,75.98132584
03-01-2023 05:00,0,1.708709286,3.594416096,11.58548564,1040.567964,217.1961478
03-01-2023 06:00,0,23.8774639,15.48884224,31.23780194,990.4304658,491.580347
03-01-2023 07:00,375.2473384,4.825374635,-1.22725149,35.63127902,973.0420665,97.37287799
03-01-2023 08:00,554.4319813,22.06855191,30.31048276,20.06739517,973.2678177,303.0677521
03-01-2023 09:00,694.2505557,20.23683024,34.42158526,66.83832188,1016.231552,52.73178027
03-01-2023 10:00,815.9788946,24.1964981,32.56444196,31.81580886,1000.107032,370.7072672
03-01-2023 11:00,283.1675007,11.94726652,11.66834743,34.98575497,1015.895085,138.7367116
03-01-2023 12:00,969.8922532,18.18493235,27.93369423,90.84147384,1018.607596,108.3130417
03-01-2023 13:00,912.1765364,9.267766426,-5.121041521,52.04107834,952.2322873,201.6580155
03-01-2023 14:00,416.2788724,4.60920595,-7.987761469,45.29153323,955.4039592,396.9699341
03-01-2023 15:00,858.2081944,11.07689832,27.66182072,75.14839345,1003.267773,97.97588884
03-01-2023 16:00,614.6591384,4.143725385,11.26776372,91.86524172,969.1035478,153.4275481
03-01-2023 17:00,569.4451852,24.55111557,39.77746324,12.25327026,1013.253377,53.80898973
03-01-2023 18:00,0,2.406162279,-5.137289207,50.34149619,1005.218574,485.7866882
03-01-2023 19:00,0,14.73029309,32.78138408,64.97032205,1008.576036,316.46552
03-01-2023 20:00,0,15.66159638,13.99915328,38.67067883,980.245538,373.9548364
03-01-2023 21:00,0,13.45198857,31.35750978,79.51669499,1013.984351,343.122427
03-01-2023 22:00,0,16.55464714,30.85636411,97.43293632,1032.949264,114.9640515
03-01-2023 23:00,0,2.904519375,35.79960007,94.90846296,1049.807125,317.7229725
04-01-2023 00:00,0,13.87546311,4.892500564,33.93842854,1033.844439,109.1370178
04-01-2023 01:00,0,7.180314278,37.48996767,30.37044506,1005.749876,230.5564043
04-01-2023 02:00,0,23.50440158,-2.416651982,96.17414779,969.3429592,306.0334112
04-01-2023 03:00,0,19.05179134,-5.90156112,51.27656387,1018.144588,301.4965013
04-01-2023 04:00,0,24.31286205,11.58077587,28.74679508,1043.765379,103.5830417
04-01-2023 05:00,0,0.938901744,31.41614843,73.62972673,971.186654,65.49618634
04-01-2023 06:00,0,7.12832938,13.67105653,35.59782915,975.5995621,409.2054412
04-01-2023 07:00,909.4652316,4.885564666,31.46433388,34.05222776,964.9008543,376.6650966
04-01-2023 08:00,502.6780653,0.278864683,26.48434029,89.13241388,1023.672164,86.81850705
04-01-2023 09:00,799.7805974,6.058143256,0.471419307,24.6231238,990.6561503,107.3369835
04-01-2023 10:00,277.4549848,16.96939959,37.44408124,15.79536518,956.2695639,451.6626994
04-01-2023 11:00,580.8453617,5.777223053,-6.960941569,34.22677962,1037.494999,396.1080057
04-01-2023 12:00,993.3489123,12.72508614,34.91398538,64.62508716,1005.76719,498.2721333
04-01-2023 13:00,816.3502422,22.19545287,5.22217245,21.07790681,983.1094292,164.2943521
04-01-2023 14:00,368.4227908,17.34394801,15.00740416,52.4435205,984.3982976,269.511345
04-01-2023 15:00,601.153179,9.865726748,11.11759364,66.46033994,979.025122,156.4068092
04-01-2023 16:00,386.8998109,9.311723473,-1.408272154,86.38632933,995.5480172,330.2600623
04-01-2023 17:00,527.6487418,11.39339535,7.90734332,30.68826321,983.7041688,101.9364076
04-01-2023 18:00,0,4.426036026,-0.353278185,83.5611691,1004.79463,107.2594277
04-01-2023 19:00,0,15.85001919,0.194323773,31.1415635,1027.351725,82.34955113
04-01-2023 20:00,0,9.103820478,-0.647158199,70.90898871,1017.446128,362.113737
04-01-2023 21:00,0,21.30913373,14.45086902,48.76062143,979.4456893,272.3326598
04-01-2023 22:00,0,18.9138165,29.89656838,20.32131181,1002.874101,327.9790474
04-01-2023 23:00,0,15.2628291,18.44850169,74.28371165,1034.012616,445.685471
05-01-2023 00:00,0,9.105055566,34.66032943,29.59863567,956.8206235,383.1478181
05-01-2023 01:00,0,5.248295792,21.82722443,25.89610834,957.8297267,257.7753132
05-01-2023 02:00,0,19.4037966,24.46700578,42.24906357,1005.617007,492.9601948
05-01-2023 03:00,0,12.16022747,23.38036149,68.79612203,1013.911513,255.3152455
05-01-2023 04:00,0,5.618750954,12.47295966,31.05968309,971.1413016,100.602803
05-01-2023 05:00,0,4.879365376,24.46694111,26.52953849,1024.522013,496.6946363
05-01-2023 06:00,0,4.135022613,-6.514612677,10.89582631,1014.626338,60.26932851
05-01-2023 07:00,633.408256,19.42902991,32.9925736,52.44787874,1042.328927,297.4476018
05-01-2023 08:00,304.8638894,5.724679633,28.89060717,48.57810124,966.8954202,189.0929699
05-01-2023 09:00,812.9256813,13.16605659,2.261497912,31.04809693,1025.137427,276.598468
05-01-2023 10:00,945.9551827,11.28865902,28.40162271,14.82869476,958.3643091,301.4208287
05-01-2023 11:00,957.8455194,14.49027248,-9.36786993,48.63302871,1006.529241,158.0431533
05-01-2023 12:00,495.2141859,21.92887251,0.862328624,80.93846,1005.189514,300.5864401
05-01-2023 13:00,308.4134988,21.69368475,-6.743138066,74.37539182,988.8385045,390.2275004
05-01-2023 14:00,614.7197013,11.2769018,29.01134583,87.47154009,1034.457115,169.9294268
05-01-2023 15:00,290.0873835,0.384156268,27.79370756,10.86244189,950.4370645,222.54176
05-01-2023 16:00,947.1899348,10.66109514,30.68180119,96.97773851,1002.01794,170.7092119
05-01-2023 17:00,346.8637019,15.15483844,-9.775915334,40.72710274,971.715355,419.2518789
05-01-2023 18:00,0,13.94411898,15.06163633,99.13580165,1024.349862,376.2420166
05-01-2023 19:00,0,16.28340265,25.24180988,32.73575145,954.3067426,442.0383967
05-01-2023 20:00,0,3.851893312,-2.229943563,52.43827488,1033.155469,126.5224518
05-01-2023 21:00,0,16.16337747,22.48953638,41.85349089,1033.809223,83.11083717
05-01-2023 22:00,0,4.566290469,-5.794495035,42.01846435,1033.286601,103.7225767
05-01-2023 23:00,0,18.76309952,-0.933707195,85.80538889,965.2568527,122.4582498
06-01-2023 00:00,0,8.477190332,13.78984075,77.17770458,1013.040652,289.8871973
06-01-2023 01:00,0,17.74738583,22.67825763,99.29362917,951.4367359,486.9104317
06-01-2023 02:00,0,1.196639973,-2.706543652,65.21632144,1034.796259,210.7559375
06-01-2023 03:00,0,10.19650064,-0.738833458,51.6930944,1022.297519,481.3287212
06-01-2023 04:00,0,17.62586306,0.222318353,18.10664767,1003.115373,67.19035775
06-01-2023 05:00,0,5.671762908,1.935040235,99.69052776,1023.059143,467.0924913
06-01-2023 06:00,0,19.88217612,1.327692426,59.63775876,959.4324097,131.5186733
06-01-2023 07:00,929.8036489,15.76949333,9.757455425,73.04297227,1002.865583,460.6137436
06-01-2023 08:00,956.8604945,14.6890443,22.68948254,46.60681485,979.1276492,75.30234355
06-01-2023 09:00,395.7724776,8.838721355,11.90158916,59.29441374,1047.261946,476.6987514
06-01-2023 10:00,305.2522453,12.06128676,28.79869544,94.83199587,1035.711795,140.3592189
06-01-2023 11:00,441.8213604,14.93373252,25.9634253,24.97774941,1023.32757,186.221327
06-01-2023 12:00,916.0681382,11.81155285,-3.673654298,36.31353259,1043.374764,270.9240548
06-01-2023 13:00,977.6427797,17.4578331,-7.557918834,23.6853755,984.6843305,221.3243966
06-01-2023 14:00,887.4599609,10.84242333,33.8970782,81.29943134,1040.08799,350.3875862
06-01-2023 15:00,288.0141769,5.056829544,-6.008446672,15.58407344,982.5238232,488.6634953
06-01-2023 16:00,957.9423984,5.34834457,-2.583040964,17.34684849,1023.279672,322.8919209
06-01-2023 17:00,538.6864219,0.145094221,-8.893336222,36.86447015,1023.641691,374.6684342
06-01-2023 18:00,0,7.523942889,21.41681826,56.27693628,951.8349876,89.60236264
06-01-2023 19:00,0,18.72294101,19.11852816,46.56473205,986.1059698,332.5155931
06-01-2023 20:00,0,19.85406772,39.34518332,14.03346796,951.9432672,254.2323997
06-01-2023 21:00,0,5.061688552,34.34661982,96.17424021,1049.709202,448.6020611
06-01-2023 22:00,0,23.97609992,10.54215887,95.75825683,962.2196762,224.6949948
06-01-2023 23:00,0,12.56006984,8.579292046,35.14206909,1004.28109,355.7543648
07-01-2023 00:00,0,22.92446873,4.842601714,75.83730537,1029.055624,152.6691777
07-01-2023 01:00,0,17.66913205,-2.379653998,62.07178702,970.1263602,166.7176401
07-01-2023 02:00,0,18.06083558,-3.09581717,31.37290255,998.5052668,219.2550939
07-01-2023 03:00,0,2.126090533,-3.3858146,33.59543966,1010.742876,186.8285919
07-01-2023 04:00,0,5.499778172,-4.294262141,54.20378569,966.0204754,164.2454777
07-01-2023 05:00,0,0.220370832,2.02560212,47.73132473,1027.855546,72.35091766
07-01-2023 06:00,0,17.90319101,5.333431516,36.21063954,979.9336457,426.5358493
07-01-2023 07:00,625.546382,8.610957211,38.07894855,82.67604367,971.1023076,78.9356889
07-01-2023 08:00,427.6095678,19.6663129,18.92366255,53.33166259,1005.828875,449.314482
07-01-2023 09:00,237.6489583,8.473405498,39.37978873,68.93632562,991.0313628,106.4594251
07-01-2023 10:00,734.8373561,20.48334381,8.623347391,27.03461502,1042.028594,79.36778168
07-01-2023 11:00,890.216622,3.267456344,12.88133163,58.01568963,1038.00627,303.3521438
07-01-2023 12:00,330.3221236,4.334328919,6.228932958,38.61784445,998.3350663,276.0988067
07-01-2023 13:00,849.9309261,8.52191349,-0.855617455,57.37722494,985.9263775,271.055556
07-01-2023 14:00,882.7165868,10.21218472,-2.841764611,80.27432501,982.5517982,308.5269474
07-01-2023 15:00,931.4723541,8.717570271,37.25395989,79.20218891,976.7563623,179.1754728
07-01-2023 16:00,412.2280713,19.09117581,39.34053409,41.87986102,1004.454785,348.327173
07-01-2023 17:00,923.1624522,2.423784816,-7.754525175,72.48494054,1030.49786,276.0809989
07-01-2023 18:00,0,8.780425491,-2.482706263,94.71609554,981.0756608,200.6345601
07-01-2023 19:00,0,20.93099999,11.17620462,66.31023969,969.009409,421.9253001
07-01-2023 20:00,0,1.669926932,-0.683326183,23.3569111,997.5483806,377.4744933
07-01-2023 21:00,0,23.55858769,8.194019681,71.17377664,956.9034417,227.1246539
07-01-2023 22:00,0,24.65792106,-3.545182507,19.44139477,1020.127901,431.4280034
07-01-2023 23:00,0,2.214204346,12.82558784,88.48993679,1001.835827,464.1162126
08-01-2023 00:00,0,7.281813056,3.584730808,56.49944462,999.6374808,291.5898202
08-01-2023 01:00,0,9.310016651,7.595252788,44.66266627,980.044538,146.7286026
08-01-2023 02:00,0,19.40978422,-5.284367427,15.13059352,1040.467344,462.1064704
08-01-2023 03:00,0,14.8981703,11.40640254,44.27053611,959.0486292,135.265829
08-01-2023 04:00,0,16.10914251,39.16288055,91.28860011,1036.982401,71.79045189
08-01-2023 05:00,0,18.93774557,6.441652344,11.88846967,987.6705202,197.369154
08-01-2023 06:00,0,2.949474986,33.82146374,52.7183342,1038.062352,377.134855
08-01-2023 07:00,508.9891162,20.83023642,32.15995708,93.8042282,1022.876146,465.4733389
08-01-2023 08:00,587.8869918,17.6404951,37.60292091,45.53568998,960.4170727,336.7785411
08-01-2023 09:00,483.9960927,14.43354313,29.50547561,48.53581187,1033.153629,478.3273461
08-01-2023 10:00,456.569732,22.24338337,22.97984135,62.07040497,1018.217683,91.56687767
08-01-2023 11:00,971.1328097,17.50765885,32.82922221,51.66436002,953.2301913,77.33917831
08-01-2023 12:00,713.263745,5.042499066,-6.217765967,25.17415221,963.3702682,321.8863778
08-01-2023 13:00,218.7463643,10.74363453,13.14153286,11.66999852,1013.562806,484.7523451
08-01-2023 14:00,544.1407268,12.35107167,39.46281193,64.88304922,1016.26005,276.224589
08-01-2023 15:00,900.0069598,1.380440669,28.48000756,92.87259283,1024.665143,73.18185167
08-01-2023 16:00,441.1649491,23.86593783,38.1037689,19.57277197,1022.02454,149.5483952
08-01-2023 17:00,275.6450758,3.21443152,28.98171781,28.98574473,1015.951995,160.1568079
08-01-2023 18:00,0,17.43653168,33.74409837,43.32065372,1026.62389,202.0357081
08-01-2023 19:00,0,12.6557759,25.32648162,82.78680061,1007.508571,69.62152261
08-01-2023 20:00,0,0.640806247,28.02510022,34.23342848,976.0791386,457.2017152
08-01-2023 21:00,0,23.1186869,16.15890049,89.38489639,1041.237661,282.0037751
08-01-2023 22:00,0,21.29592022,36.21188504,14.94620872,951.8214031,351.9188568
08-01-2023 23:00,0,13.1064482,31.25194553,94.68609591,986.656172,80.2277766
09-01-2023 00:00,0,5.723558403,32.19424828,60.46723701,1022.887029,74.35196051
09-01-2023 01:00,0,3.040572267,23.65045505,69.28999106,992.7156041,313.9104974
09-01-2023 02:00,0,9.084811986,5.228997354,43.09205703,952.4834407,449.2832047
09-01-2023 03:00,0,6.385707026,-8.21851023,80.3794857,956.5980903,287.8169004
09-01-2023 04:00,0,12.66728003,36.78275647,24.99096251,1014.863737,445.0186277
09-01-2023 05:00,0,24.1602324,19.30601744,14.40206428,1046.48646,414.9460729
09-01-2023 06:00,0,14.37383733,4.907148557,45.59652488,1005.186364,84.13420361
09-01-2023 07:00,262.3950931,22.2482764,-2.543244608,86.83261426,1000.675782,140.8808635
09-01-2023 08:00,284.9040154,16.27197094,31.47615828,77.9434153,981.8325213,345.9698011
09-01-2023 09:00,594.2250767,11.88116316,31.82600972,56.54403734,975.6690674,249.5756221
09-01-2023 10:00,328.5706794,21.36518907,30.72539841,61.49239724,952.0984982,180.8149161
09-01-2023 11:00,982.6123708,11.78420275,22.2541346,21.69035437,977.2954868,238.3852352
09-01-2023 12:00,326.8161872,21.71570426,8.30076938,85.66133578,994.9110441,250.3398408
09-01-2023 13:00,589.9742684,7.289419239,5.203514239,80.82637147,969.7949783,459.7485129
09-01-2023 14:00,491.2968455,3.220326844,-9.572261494,69.08233545,958.7347988,96.55622767
09-01-2023 15:00,711.5091372,21.38286161,31.68037793,51.95719327,1021.772787,175.8788361
09-01-2023 16:00,303.2291271,14.68537909,-5.628365125,96.80133415,1039.462027,291.9041675
09-01-2023 17:00,544.2531424,22.22730996,21.5377499,89.11287747,1043.677207,364.229117
09-01-2023 18:00,0,23.44568017,15.20374734,67.99874442,1011.799873,333.78678
09-01-2023 19:00,0,1.340709759,16.33446795,43.46208979,955.2774583,473.739232
09-01-2023 20:00,0,12.52423255,36.33564227,65.62200508,1024.086263,408.0240162
09-01-2023 21:00,0,9.374113727,-8.419249436,61.78968339,961.0095305,300.6845789
09-01-2023 22:00,0,15.64645993,28.66961123,45.48177891,1016.974812,146.6072113
09-01-2023 23:00,0,19.83977993,-7.397380082,37.60065745,1027.936584,252.8934041
10-01-2023 00:00,0,7.014755399,-8.092319703,46.6309713,1022.586471,362.0220099
10-01-2023 01:00,0,13.91995961,11.49088491,61.65202654,1045.188381,427.0829787
10-01-2023 02:00,0,17.7182145,-6.846241283,48.53213602,1023.814628,481.881301
10-01-2023 03:00,0,3.360777071,29.45719756,33.72170394,1019.320978,322.4537448
10-01-2023 04:00,0,20.35167265,16.47815468,78.4866986,976.1743172,287.1137153
10-01-2023 05:00,0,15.15274,-8.548060867,57.83207464,1042.476869,57.9613654
10-01-2023 06:00,0,23.73843593,-7.974965676,16.09076469,967.9543871,82.44458112
10-01-2023 07:00,991.4796112,8.488222978,20.63342649,43.14848551,1040.489661,120.2472489
10-01-2023 08:00,231.4335561,2.703648558,30.30559088,89.64221115,981.2662543,74.64196904
10-01-2023 09:00,723.9256985,12.66253003,11.88997656,77.97128781,963.0163594,230.3884575
10-01-2023 10:00,554.1887422,2.145269293,17.72903358,39.09221055,1032.668303,201.5953453
10-01-2023 11:00,959.1329746,24.23816308,29.9914727,94.43648368,950.2495454,336.809371
10-01-2023 12:00,396.7997922,0.967123956,20.5253087,16.89426175,1033.208832,291.0492986
10-01-2023 13:00,625.6694592,18.83759753,1.238011883,96.51112335,976.2311842,318.1868417
10-01-2023 14:00,585.8849669,13.12755995,20.65260129,32.11345832,1038.472127,262.3897413
10-01-2023 15:00,762.2931552,9.215516312,21.41397295,10.81847623,1019.147918,174.9817168
10-01-2023 16:00,254.4081856,1.646054113,26.70534904,49.04272329,1016.618333,478.7713917
10-01-2023 17:00,355.031304,15.5541731,21.04370938,42.30733867,986.5319563,88.88412189
10-01-2023 18:00,0,14.63050823,38.46210652,58.51801047,955.9402974,472.5009498
10-01-2023 19:00,0,7.022081827,-0.135584564,81.70955745,1033.00731,190.0571211
10-01-2023 20:00,0,22.75554254,37.55453398,85.81877219,967.0903795,280.6976504
10-01-2023 21:00,0,7.602750184,16.91697452,46.11069997,987.2258642,98.97904527
10-01-2023 22:00,0,11.24313526,23.59780702,48.68611693,1010.035469,81.91898077
10-01-2023 23:00,0,13.5940614,-5.026920127,23.33599573,998.2253739,243.2954519
11-01-2023 00:00,0,2.505796954,9.028797069,14.2792848,969.8660635,383.7638194
11-01-2023 01:00,0,23.30404298,28.46895732,67.70934912,964.0616357,171.2141499
11-01-2023 02:00,0,9.363403811,25.34555075,15.7993863,962.3246272,303.05655
11-01-2023 03:00,0,2.019480347,-7.993030592,76.04471075,1036.300788,175.3926532
11-01-2023 04:00,0,9.682279342,17.32971317,58.51811305,953.1559549,224.8758774
11-01-2023 05:00,0,15.00506368,-5.586090352,27.87246804,1047.701426,457.9008433
11-01-2023 06:00,0,12.8413168,39.79282146,58.55706492,969.852869,435.1278315
11-01-2023 07:00,626.893545,17.36354935,34.86482943,26.46979449,961.0322297,282.2078945
11-01-2023 08:00,955.2330226,1.387098552,-8.945966979,49.48634868,1007.697165,157.1475324
11-01-2023 09:00,517.02181,7.113515257,32.93247895,81.96042846,957.9985958,136.9327607
11-01-2023 10:00,755.0906739,20.48076442,35.97148003,51.57273641,1010.245326,479.3393089
11-01-2023 11:00,591.458198,1.997342195,7.677411128,23.38293865,1035.062664,141.2224684
11-01-2023 12:00,610.0609727,21.38714887,25.97508275,75.14458136,954.7898021,413.6757399
11-01-2023 13:00,414.2194517,2.297402302,12.10518731,26.80915746,1029.98686,216.0365943
11-01-2023 14:00,563.9606215,20.86135537,22.76162423,76.46948869,989.4477441,493.5469314
11-01-2023 15:00,576.6279976,9.019710027,7.015870215,53.14170603,965.9490634,215.6700832
11-01-2023 16:00,765.3140174,15.30522658,6.127961832,50.83675832,967.609648,208.1824812
11-01-2023 17:00,952.5119993,3.822177891,11.22169444,86.62915341,1041.876454,336.858633
11-01-2023 18:00,0,1.654218043,-2.721612067,73.77431719,961.0605752,482.682563
11-01-2023 19:00,0,5.398455101,31.55694822,12.96197173,1036.678279,489.2943226
11-01-2023 20:00,0,3.196345448,7.434894768,36.65568831,1004.424462,368.2427659
11-01-2023 21:00,0,7.810147442,10.0074777,88.38285948,953.9056179,389.5728645
11-01-2023 22:00,0,12.85958116,34.70273064,11.64935517,996.4476146,303.5309792
11-01-2023 23:00,0,14.71898659,14.8311907,59.07281016,1031.744951,390.0990826
12-01-2023 00:00,0,19.74670268,17.21269547,75.50431023,1022.620279,436.9008447
12-01-2023 01:00,0,16.40599733,37.82490624,65.96704769,998.8782418,268.7428864
12-01-2023 02:00,0,15.21895813,34.33631916,78.44789819,1036.004988,328.9380183
12-01-2023 03:00,0,10.29455069,-1.526664556,75.3122664,962.0364762,291.7925129
12-01-2023 04:00,0,11.84521087,13.6607515,72.28276256,1040.994105,303.1117761
12-01-2023 05:00,0,10.36302073,38.56481137,83.93858748,1034.644121,450.5215594
12-01-2023 06:00,0,21.05415075,8.618314911,68.11216016,1020.827683,210.0275736
12-01-2023 07:00,879.68014,5.750011314,8.578655426,46.21766448,1031.788774,143.6828115
12-01-2023 08:00,584.1079517,0.143023289,-0.248488411,52.47181989,1004.381551,255.3260496
12-01-2023 09:00,498.5658953,16.28299743,-4.283844294,74.50523044,1017.516243,143.6383357
12-01-2023 10:00,594.5979944,5.061554591,27.01523954,88.86754267,1006.059807,274.2801915
12-01-2023 11:00,663.3038432,22.25287841,28.50152344,34.49969208,985.5428531,456.5786474
12-01-2023 12:00,351.262123,21.47615824,38.45064818,40.78691164,1006.88608,327.8450842
12-01-2023 13:00,920.7261842,1.918184298,28.67091055,93.76654567,975.7465333,434.944784
12-01-2023 14:00,739.3495591,2.659710135,2.167624702,62.06606132,994.0279171,124.7859138
12-01-2023 15:00,706.6151339,12.37928981,-7.994171086,26.10656354,978.0775407,455.3931166
12-01-2023 16:00,279.5969809,15.23056657,39.27186922,69.7325625,962.2887789,320.804224
12-01-2023 17:00,683.3391505,6.872708437,7.022534777,99.168594,982.1861856,64.29190493
12-01-2023 18:00,0,17.91994292,5.598577122,84.1108208,1035.198722,334.9035299
12-01-2023 19:00,0,14.87290052,35.29776049,77.11670229,988.1080771,478.1286303
12-01-2023 20:00,0,8.120602744,19.25499493,28.72419888,1024.800365,85.62515021
12-01-2023 21:00,0,0.634287201,0.743558692,88.85258062,967.5197854,312.1052587
12-01-2023 22:00,0,18.75375703,34.45481214,57.32099592,992.4419159,461.9653713
12-01-2023 23:00,0,5.368841646,39.66804275,90.03610199,961.4856069,54.36282575
13-01-2023 00:00,0,20.86184359,-5.666071942,39.68450465,963.8621063,333.9108169
13-01-2023 01:00,0,10.5072565,33.11258142,15.58459474,1011.743638,263.7060313
13-01-2023 02:00,0,14.42693607,9.525784884,52.83783718,1010.748182,206.1451934
13-01-2023 03:00,0,21.82371826,16.20362233,34.28538443,971.3371907,332.3914205
13-01-2023 04:00,0,21.59057502,35.74079879,74.37063608,997.4423194,73.71594256
13-01-2023 05:00,0,9.287989381,38.66895979,96.13958976,1036.330617,388.8783708
13-01-2023 06:00,0,5.222222318,3.10819552,72.1876736,967.4201509,52.01576461
13-01-2023 07:00,980.6966902,19.37865194,0.642538548,89.82405367,951.9210533,188.1210847
13-01-2023 08:00,429.0072283,10.82700509,-5.97417207,50.77216122,1015.199514,276.781387
13-01-2023 09:00,539.0465481,4.801049839,18.08989263,79.44766635,955.3498208,219.6600128
13-01-2023 10:00,719.8911374,22.61063356,-9.319780227,85.8739093,1047.994024,188.3641708
13-01-2023 11:00,219.7578381,4.952604856,10.59491488,73.97880648,1010.962028,423.8758155
13-01-2023 12:00,848.2073044,0.645179205,-6.330799167,55.69995575,997.0396353,470.6746584
13-01-2023 13:00,629.262552,0.506999344,10.26128915,66.32794987,992.999254,443.1707082
13-01-2023 14:00,422.5737497,15.55788391,-8.003390537,73.04562961,1007.307066,285.0940909
13-01-2023 15:00,249.2863882,16.54187652,31.76086303,32.77759629,959.0624437,447.8738788
13-01-2023 16:00,329.9987324,7.776042626,0.486949697,82.86213348,1043.001906,464.3877043
13-01-2023 17:00,916.0270871,8.000274731,6.415435518,95.52920851,1012.564207,234.1572787
13-01-2023 18:00,0,8.487347876,33.50239983,51.87153837,968.3978498,177.5506368
13-01-2023 19:00,0,17.00396367,27.31330307,73.09604648,1006.258105,94.21934262
13-01-2023 20:00,0,1.453344776,0.951918082,76.33233152,963.3256506,265.5913645
13-01-2023 21:00,0,23.22790882,-6.405029067,69.60227928,951.7552718,475.8336142
13-01-2023 22:00,0,5.563026104,25.78368884,59.24035975,1013.051699,302.4083876
13-01-2023 23:00,0,24.99183013,9.535127534,89.34831591,1014.848334,350.4029458
14-01-2023 00:00,0,4.288067345,28.30399996,50.40340383,1008.369658,100.7977183
14-01-2023 01:00,0,19.28866143,12.26473862,15.49926608,968.3483204,114.5838489
14-01-2023 02:00,0,5.585313623,7.300120649,86.01007381,1010.342986,259.0129679
14-01-2023 03:00,0,2.021170041,12.56027041,70.65831451,955.6510941,478.0691595
14-01-2023 04:00,0,21.87333311,27.42794928,86.43327638,1010.923836,212.3530887
14-01-2023 05:00,0,21.46878148,35.11101433,22.46926982,1005.401702,444.8678186
14-01-2023 06:00,0,10.08925981,-7.511640171,12.76776465,1015.525483,104.129867
14-01-2023 07:00,557.3509774,17.55990356,16.20557706,94.09370863,1039.547561,327.6577431
14-01-2023 08:00,403.3178241,13.92664832,-8.358228546,23.29554753,1035.035811,320.2758396
14-01-2023 09:00,860.1079005,21.32390284,13.42047725,82.86870989,1048.065419,436.9436375
14-01-2023 10:00,588.2044833,7.876399233,34.26414145,84.0888948,1047.624103,51.49251698
14-01-2023 11:00,634.7246818,13.09181,8.079513321,73.78346805,1027.231969,135.4692502
14-01-2023 12:00,443.8087302,12.13430928,36.62252105,21.813599,1045.641962,148.8594314
14-01-2023 13:00,345.4467725,8.847645656,21.53042358,70.06587621,1036.728389,477.4847396
14-01-2023 14:00,268.7283106,22.28637661,36.70776719,90.0177925,1022.758245,119.1621453
14-01-2023 15:00,771.2953127,4.146948117,27.85833127,48.29784803,957.5384255,66.6330576
14-01-2023 16:00,356.9874254,3.737715988,-4.828241668,47.21651689,954.9049888,290.5076726
14-01-2023 17:00,752.0602834,14.42273838,1.557568378,49.85724786,1033.759957,287.8513081
14-01-2023 18:00,0,16.43735575,9.708522729,17.40447016,998.9655858,429.8211344
14-01-2023 19:00,0,4.865481358,-1.494655899,90.28230121,1031.460668,476.9868426
14-01-2023 20:00,0,9.767936056,14.74558024,88.22645776,981.2918271,292.345449
14-01-2023 21:00,0,23.66409607,13.56840779,99.81183896,989.7649858,468.4973821
14-01-2023 22:00,0,6.165435567,37.8129599,62.66648273,1020.018672,376.3216181
14-01-2023 23:00,0,16.70901755,11.68639414,77.60724728,1041.532674,169.0516076
15-01-2023 00:00,0,18.50373484,29.28134021,28.24047157,958.7761474,467.7893199
15-01-2023 01:00,0,11.20321749,37.09552724,70.07759364,1036.147814,350.3494293
15-01-2023 02:00,0,23.43814967,33.84944155,68.47595639,1029.301272,236.3431697
15-01-2023 03:00,0,18.41641838,0.433381226,91.10878623,981.5539271,356.108938
15-01-2023 04:00,0,11.4481145,14.80149471,84.77134506,985.5216614,230.5907725
15-01-2023 05:00,0,14.23338004,7.386989115,94.46198164,954.6461477,101.3826956
15-01-2023 06:00,0,17.31533609,9.992934757,88.19501254,951.5740611,373.5404362
15-01-2023 07:00,917.3972399,14.80475451,8.040341312,88.18245054,997.7006126,420.8394255
15-01-2023 08:00,368.5653321,21.9674396,31.31796051,15.7350994,959.5539645,377.9627896
15-01-2023 09:00,382.0271015,8.922216557,12.60695276,86.13657574,969.4001814,153.1016005
15-01-2023 10:00,423.6811461,7.497143501,16.18471661,64.67305551,1034.67672,480.4857561
15-01-2023 11:00,301.9264574,5.345972237,39.12236785,44.24000066,1007.102839,61.36455276
15-01-2023 12:00,711.4103065,0.944574202,-7.00103639,15.08631619,1013.363244,199.7083838
15-01-2023 13:00,260.1143625,1.07534911,14.39788199,70.99063973,968.7479331,167.0415955
15-01-2023 14:00,307.3619411,21.75137983,28.70308535,39.53815755,1032.86618,71.65680243
15-01-2023 15:00,715.8053813,16.95982866,-2.441902091,52.09986385,1036.797977,232.5783618
15-01-2023 16:00,471.7284964,16.51331039,20.57657973,71.35555933,1002.332759,330.4016781
15-01-2023 17:00,766.3582614,15.36607047,1.973238977,92.05970923,1041.255777,447.1487886
15-01-2023 18:00,0,21.23047862,33.37020566,84.2893224,1034.482862,495.3603723
15-01-2023 19:00,0,12.00667314,6.35498327,50.55374162,1023.132418,413.6403139
15-01-2023 20:00,0,21.76027071,6.453140845,44.90048417,1023.407592,260.9062334
15-01-2023 21:00,0,8.986125655,19.90969393,31.5801765,960.5393474,375.6669917
15-01-2023 22:00,0,23.16768761,-0.821854594,43.51840761,977.0836038,429.6307049
15-01-2023 23:00,0,17.4664245,4.244431945,19.99417486,956.684722,259.3882384
16-01-2023 00:00,0,6.429428401,10.83159251,97.39949575,950.8681209,403.2744953
16-01-2023 01:00,0,14.10212304,7.681893157,61.65256996,965.8309531,267.1935882
16-01-2023 02:00,0,13.32576404,16.2438609,21.50252585,1038.048718,223.9231959
16-01-2023 03:00,0,3.447470543,19.9820072,41.75254083,973.9874059,286.740877
16-01-2023 04:00,0,14.78107264,18.33337269,59.23352293,1047.015396,354.1346319
16-01-2023 05:00,0,7.869640593,22.7084156,57.9597073,1009.7291,377.0969253
16-01-2023 06:00,0,1.30871917,5.38747583,13.19530318,973.7258488,210.531321
16-01-2023 07:00,405.6768715,23.71640394,-3.678688642,95.57569308,999.7130803,307.0941132
16-01-2023 08:00,583.5639825,16.03725923,28.04037707,34.78381133,971.9094823,459.4418933
16-01-2023 09:00,493.822161,21.9229733,32.53901913,11.4566202,1048.397356,489.340805
16-01-2023 10:00,931.0516181,16.90140013,2.850311611,16.87996081,1034.726498,152.261641
16-01-2023 11:00,494.6363741,8.924592304,10.35459781,62.21754129,952.6238789,136.7740246
16-01-2023 12:00,498.7556729,12.81720181,14.92846085,22.40069686,1044.777603,354.508535
16-01-2023 13:00,506.8276099,16.89366901,16.66634214,13.75523136,1022.106511,236.6077486
16-01-2023 14:00,869.2961683,24.00630813,22.97450855,44.16638198,958.2381252,60.90005229
16-01-2023 15:00,720.6306567,6.341736478,-7.919838332,66.04850731,1017.063775,206.0878418
16-01-2023 16:00,691.3350803,21.87442647,26.07385414,20.06558244,1014.69267,413.0351346
16-01-2023 17:00,467.3144179,23.10194513,-6.901449651,38.19950489,971.8788746,408.8421187
16-01-2023 18:00,0,16.76038787,13.41442838,47.59846045,1025.84467,272.608317
16-01-2023 19:00,0,23.28166569,31.38355678,24.3514088,958.7064703,262.6600707
16-01-2023 20:00,0,9.946964687,12.56076566,55.54665086,998.9445181,310.7783491
16-01-2023 21:00,0,23.8254044,-2.545512562,17.66926782,950.9923207,148.7285198
16-01-2023 22:00,0,17.56957193,39.25169225,14.18666467,1046.873749,286.7196312
16-01-2023 23:00,0,1.050144185,34.4642731,56.78518304,1025.156363,54.97086203
17-01-2023 00:00,0,22.6718208,28.56568166,32.31072755,965.8852076,264.0017997
17-01-2023 01:00,0,12.11182023,10.57558014,18.58364271,984.167404,201.2229708
17-01-2023 02:00,0,11.50817462,-0.807713656,48.15213287,966.0562378,353.6913227
17-01-2023 03:00,0,14.16166515,37.07055907,92.36266656,1026.661746,337.2591129
17-01-2023 04:00,0,3.734613669,16.61755633,75.1773202,955.8896325,221.3761461
17-01-2023 05:00,0,11.72915121,32.61777302,83.40543238,1034.040666,53.27284167
17-01-2023 06:00,0,20.77818042,7.104750288,88.47225899,1044.219634,163.5231332
17-01-2023 07:00,597.058217,0.387061478,6.764415854,97.53649673,1017.662794,335.0065326
17-01-2023 08:00,522.9173556,6.822929008,39.27702403,78.69219162,971.296545,82.56800436
17-01-2023 09:00,742.9280751,0.061364661,16.09165242,64.75671297,986.0090096,98.43908983
17-01-2023 10:00,536.717223,10.39278273,-2.965228807,42.88832923,997.7239875,341.1657611
17-01-2023 11:00,969.1340623,18.20788776,0.9837339,26.34789129,1010.462477,390.0953304
17-01-2023 12:00,679.4220143,19.96929573,14.09721397,71.79938866,1016.866309,194.6973686
17-01-2023 13:00,845.9823485,23.62974403,-7.876454476,99.54549875,1005.421472,270.3528795
17-01-2023 14:00,287.4847225,15.21261532,13.12669927,52.06228162,985.1313921,475.5701142
17-01-2023 15:00,517.8330344,6.365671666,10.9470421,75.13114313,1039.091728,475.494603
17-01-2023 16:00,469.4781612,23.10369873,28.96681327,54.5583205,958.1392058,188.3762485
17-01-2023 17:00,655.5859105,19.38289385,7.747098224,48.8740081,996.6256054,414.4945438
17-01-2023 18:00,0,14.36071208,39.12743808,46.92750522,1027.556484,317.2748238
17-01-2023 19:00,0,17.39100539,-0.961504035,55.41622146,956.0872665,488.968022
17-01-2023 20:00,0,23.10790888,19.54933425,43.02060957,1020.533522,264.9261064
17-01-2023 21:00,0,17.80985071,-5.51503515,77.38959896,1031.971162,398.6180906
17-01-2023 22:00,0,9.20936269,26.6931992,88.68448239,1016.08313,395.6617083
17-01-2023 23:00,0,17.82570506,39.7376844,89.4596776,951.2936892,273.8447904
18-01-2023 00:00,0,1.006954068,30.95693189,30.49288421,968.0137027,408.0335514
18-01-2023 01:00,0,9.660389046,17.78517704,90.63182249,984.2113079,167.46815
18-01-2023 02:00,0,10.1580758,14.23706787,40.73961087,973.3690036,105.0138663
18-01-2023 03:00,0,4.170955861,31.75149806,37.83768989,1046.265214,241.3236851
18-01-2023 04:00,0,0.577137014,36.79870424,75.40804517,1015.159391,474.6337955
18-01-2023 05:00,0,3.334530916,39.46032629,37.42267061,979.6970957,275.3350737
18-01-2023 06:00,0,16.36553739,9.826961378,14.7669765,1042.96975,335.8666124
18-01-2023 07:00,461.5536802,20.05722041,39.54587374,43.62559951,1024.05942,330.8731052
18-01-2023 08:00,685.3514586,24.70508732,-2.203687391,74.93190403,978.4607212,109.6577903
18-01-2023 09:00,944.3588804,8.659087578,2.677488797,39.42625782,987.8881569,225.6335971
18-01-2023 10:00,869.5422663,14.98448056,-5.549193763,66.66031504,969.9428858,368.1225378
18-01-2023 11:00,996.3868886,23.42862417,3.586925824,69.41074998,1047.1074,487.3955444
18-01-2023 12:00,218.0548666,4.176044533,28.39687758,76.03624106,1001.72965,125.6079822
18-01-2023 13:00,290.2865158,17.94113966,32.64621791,90.74174197,1039.605669,234.6988507
18-01-2023 14:00,687.5742107,18.87446833,28.94463226,48.93080493,984.6499771,92.79220991
18-01-2023 15:00,856.4611515,2.224388397,21.55328891,24.9788869,1036.08416,159.0694068
18-01-2023 16:00,428.1954738,21.53123463,15.69832563,38.70331439,955.3886848,219.5417045
18-01-2023 17:00,391.3688704,20.32762618,25.43521446,48.89505297,1048.209032,293.2894616
18-01-2023 18:00,0,0.835075164,9.541677463,74.25023224,1041.203437,153.755097
18-01-2023 19:00,0,2.277110372,32.06541757,11.1809913,986.3202945,152.4031975
18-01-2023 20:00,0,1.228172347,23.8595047,38.42068451,1027.472217,400.0234906
18-01-2023 21:00,0,8.368588295,24.89023492,80.18583229,1025.225793,483.1887483
18-01-2023 22:00,0,12.73222477,16.79679966,70.3771933,1040.12548,195.6258355
18-01-2023 23:00,0,13.3086932,34.26144921,75.85659762,980.7254981,359.5964084
19-01-2023 00:00,0,6.691668994,2.600736684,83.06296925,996.5520005,166.1362076
19-01-2023 01:00,0,22.78992216,9.057382668,80.4912147,1036.499961,467.5785147
19-01-2023 02:00,0,9.206569747,28.88212848,71.39648495,1027.857945,352.8060621
19-01-2023 03:00,0,1.138753899,14.63744481,49.56953791,989.3466719,411.2045846
19-01-2023 04:00,0,7.505677789,34.46070067,98.5238496,1034.572523,72.20931944
19-01-2023 05:00,0,13.27773556,7.319965988,61.2165876,954.6954039,319.3276857
19-01-2023 06:00,0,10.20554556,8.466508441,28.24922884,1028.20463,287.4255491
19-01-2023 07:00,295.4173376,6.846062977,34.43678947,36.35315696,970.6765859,181.8486081
19-01-2023 08:00,379.6659061,3.283081244,13.21851601,72.42062104,978.6120908,168.0934933
19-01-2023 09:00,600.1583484,20.4791125,15.80622921,93.22656087,999.3214844,311.011161
19-01-2023 10:00,872.3542004,24.90363105,6.638185767,26.08481163,994.9734501,367.9185358
19-01-2023 11:00,761.0346737,8.238553338,3.833497109,17.41118462,1002.057011,64.92774067
19-01-2023 12:00,831.2324834,9.540526104,22.79743554,89.33779432,1004.47756,305.3307119
19-01-2023 13:00,480.7804991,15.45093812,-4.007966923,92.3750181,983.1527691,126.706788
19-01-2023 14:00,523.7229933,17.96103687,33.96363206,34.87414108,967.5227513,113.1632291
19-01-2023 15:00,514.9455088,9.80073837,28.96015684,43.95571519,1026.848123,330.4037696
19-01-2023 16:00,353.4985475,22.62323792,-0.462586815,69.41691977,989.9976149,189.8915527
19-01-2023 17:00,248.9733265,14.00009973,24.70099729,39.69370188,1000.584086,248.3961049
19-01-2023 18:00,0,11.25975191,20.13164606,88.94428374,1014.469672,211.9994642
19-01-2023 19:00,0,16.16681883,-0.773247463,19.68208324,1040.963792,341.7513441
19-01-2023 20:00,0,23.82009621,3.660175303,13.41839989,1020.755283,261.5538947
19-01-2023 21:00,0,19.86380736,10.44932519,28.76375861,954.5459226,483.5563979
19-01-2023 22:00,0,1.000328263,24.96213676,35.74790004,1033.856036,208.5722416
19-01-2023 23:00,0,8.307747768,21.93617044,20.16339322,1048.935502,383.1279531
20-01-2023 00:00,0,11.76361712,16.61174238,15.91213864,997.2485025,165.7816554
20-01-2023 01:00,0,7.862939305,28.42052716,78.00469422,1046.959034,278.9388917
20-01-2023 02:00,0,17.50468902,27.89688698,24.78489093,1004.732874,298.6563884
20-01-2023 03:00,0,20.65672875,20.8929577,92.25299792,995.9615996,198.0991765
20-01-2023 04:00,0,18.28362738,29.34950417,43.11996953,983.1404765,262.301238
20-01-2023 05:00,0,24.73333217,6.713168739,70.35452287,1015.755488,175.6753871
20-01-2023 06:00,0,6.813691197,34.06247642,30.28619033,972.9820421,52.70035175
20-01-2023 07:00,559.6791248,21.87473738,20.74550429,31.62904916,960.4934219,147.0417357
20-01-2023 08:00,350.9057971,19.16556663,31.11817569,61.72382826,952.7237103,365.0288776
20-01-2023 09:00,606.3179328,9.054468939,17.31395524,60.45786326,979.2380113,396.933361
20-01-2023 10:00,622.8673611,18.35311359,0.921912249,79.18563052,989.5770832,176.0912902
20-01-2023 11:00,848.4830786,2.60189891,17.12050643,78.20319751,1005.20767,233.6193495
20-01-2023 12:00,788.4165646,19.73333706,8.555583189,70.36189882,979.2749825,66.81454706
20-01-2023 13:00,731.0332992,13.30826506,24.8749518,50.42175093,1048.405957,156.6783055
20-01-2023 14:00,290.7096764,7.307254318,13.78968959,90.15763477,979.1745168,400.6486775
20-01-2023 15:00,776.4930325,16.39443254,31.80564025,66.03206412,994.0975388,322.6938216
20-01-2023 16:00,600.2441251,16.04049997,23.90362562,99.11786414,960.3276166,142.5967349
20-01-2023 17:00,915.2796289,5.237155568,24.22722165,83.74328361,976.0626513,165.8488978
20-01-2023 18:00,0,0.75993537,0.857766675,13.98788301,954.833214,417.5609103
20-01-2023 19:00,0,10.84056467,39.21248832,38.85345164,1005.950863,144.0878913
20-01-2023 20:00,0,14.23779673,32.08376046,61.46881448,1025.106468,200.3709766
20-01-2023 21:00,0,21.91513196,29.45024423,74.93225841,969.5709814,348.9614112
20-01-2023 22:00,0,23.20541989,6.510761258,59.5302848,986.7910938,302.5005736
20-01-2023 23:00,0,13.22013045,16.78158264,80.75173802,951.6616227,257.3915924
21-01-2023 00:00,0,18.84508709,-3.144840596,35.43900875,1033.952206,454.8834909
21-01-2023 01:00,0,10.98258181,16.92379883,26.55208461,1027.996352,148.8697082
21-01-2023 02:00,0,18.65205391,-2.705537676,14.85250154,956.3254031,383.6389509
21-01-2023 03:00,0,5.120038123,17.6518922,61.59823701,986.4867609,121.5787283
21-01-2023 04:00,0,9.27661837,22.43609401,71.97395686,1045.528661,327.0802251
21-01-2023 05:00,0,15.85569997,9.509798362,39.35347454,989.2027056,441.7806035
21-01-2023 06:00,0,0.45394914,14.92724392,65.22257664,1002.620868,256.0558035
21-01-2023 07:00,764.3973215,18.06153276,33.78266938,14.69415078,985.5242861,375.9325282
21-01-2023 08:00,737.4234162,20.88838753,-4.571842765,18.93640117,1009.613139,419.1770088
21-01-2023 09:00,515.4729171,9.978541527,29.58664465,73.1579295,1047.815688,111.2118912
21-01-2023 10:00,201.0275404,11.19856043,-1.46227245,43.12627347,1049.75025,367.6221029
21-01-2023 11:00,296.127407,21.28205531,-8.16460086,70.4200628,1027.471498,463.9284608
21-01-2023 12:00,627.6436358,19.39136588,-0.721269863,84.85490083,990.4311098,309.3667744
21-01-2023 13:00,740.1039087,7.203737226,28.2521595,86.73601937,999.4432201,133.75501
21-01-2023 14:00,533.9586271,8.099402664,10.25630367,25.49508809,985.6731328,107.1241392
21-01-2023 15:00,784.5432092,16.97195581,33.62602584,53.76570151,1048.557463,166.8808987
21-01-2023 16:00,617.4898363,14.07995231,16.23537706,76.05340513,1020.776031,96.58097106
21-01-2023 17:00,259.3409565,4.055739277,-8.887482404,79.65825366,994.8931445,281.0273322
21-01-2023 18:00,0,7.748247731,25.83568048,80.62083827,951.211527,81.36710722
21-01-2023 19:00,0,22.49958192,-4.488354564,30.53506009,1002.048341,150.5320811
21-01-2023 20:00,0,17.20436092,29.46898167,27.3281336,1048.39282,247.9596998
21-01-2023 21:00,0,24.64935794,-1.59487251,63.10112214,1002.306091,263.2616377
21-01-2023 22:00,0,19.17531325,7.27231929,76.6977218,968.2426685,304.4293183
21-01-2023 23:00,0,23.5493608,28.06357148,38.7225564,952.2093747,367.5267332
22-01-2023 00:00,0,5.404714347,37.71156787,19.42346412,985.4703758,71.25288785
22-01-2023 01:00,0,19.28712187,8.571697532,74.50717446,1041.822806,86.27942848
22-01-2023 02:00,0,0.505438004,31.47001101,36.97280482,1049.655411,77.38661831
22-01-2023 03:00,0,16.76900054,-0.460386726,24.97264519,1044.536797,240.417642
22-01-2023 04:00,0,11.73205695,30.35898851,23.29511756,1022.941999,68.8315752
22-01-2023 05:00,0,8.669001798,22.87470296,38.34185928,1005.814273,385.7365701
22-01-2023 06:00,0,21.56010881,-0.362824639,63.34102593,1009.068615,150.3500815
22-01-2023 07:00,923.2279892,21.35669232,5.125198018,42.25620148,1003.899201,472.645622
22-01-2023 08:00,456.1449339,0.557542622,-3.41145557,11.85956664,1020.70493,268.8816898
22-01-2023 09:00,736.2031808,15.23762806,9.148350553,18.72175912,991.8873227,250.8465886
22-01-2023 10:00,350.322871,9.195805608,0.182432056,36.14529225,1016.9204,401.2424117
22-01-2023 11:00,699.836319,10.39152504,22.19989768,69.37340339,962.1612115,370.9192928
22-01-2023 12:00,469.1602815,20.80101848,39.72525521,18.86635661,976.5695307,323.2890684
22-01-2023 13:00,368.9666069,7.745994288,-9.399541846,60.45911682,1033.600304,470.8160178
22-01-2023 14:00,450.5456406,23.57622027,17.04599066,20.78972837,1040.374893,240.0166674
22-01-2023 15:00,343.0728548,4.490845659,18.68332988,29.04537946,1003.900824,413.8392541
22-01-2023 16:00,921.5328863,16.56806058,35.71043948,25.49696748,953.1635617,221.0418256
22-01-2023 17:00,517.7495091,16.80262668,15.30026674,16.0505772,1042.697357,427.2555534
22-01-2023 18:00,0,6.304879036,17.18507098,70.41968356,1020.206426,166.763583
22-01-2023 19:00,0,8.118765224,13.58264007,51.70631926,991.4027924,180.1701828
22-01-2023 20:00,0,20.86996231,3.445215228,84.79480968,1009.837894,355.0412903
22-01-2023 21:00,0,19.04513137,-7.198543338,18.9001756,992.9774834,145.7209827
22-01-2023 22:00,0,8.227397008,10.43288411,23.025964,996.5339227,153.1193842
22-01-2023 23:00,0,13.34891367,-7.370426438,37.58119582,1038.680987,187.3680931
23-01-2023 00:00,0,1.542007406,17.52462347,78.92793882,966.1084247,355.5179463
23-01-2023 01:00,0,5.21864706,5.364682162,37.51829408,960.3669135,450.2246416
23-01-2023 02:00,0,12.14551397,16.68012008,46.75768367,950.2728745,353.555443
23-01-2023 03:00,0,2.149343382,-3.28515178,37.14432097,981.4000376,422.51641
23-01-2023 04:00,0,21.08330887,36.63149829,17.22018626,964.7413766,294.6022654
23-01-2023 05:00,0,17.95015525,34.72606218,94.54902606,971.9985495,81.01544961
23-01-2023 06:00,0,23.59084177,-0.50017454,59.36850929,951.1238983,95.20979518
23-01-2023 07:00,552.3476565,17.33667265,7.172214165,80.90498694,972.7195415,299.4763903
23-01-2023 08:00,920.9420986,23.51003431,20.67463859,69.2521383,983.2711582,197.5104359
23-01-2023 09:00,800.5352114,13.86281389,-5.215689635,56.28288512,953.1567496,149.2556331
23-01-2023 10:00,590.8839407,15.00546528,7.728391056,18.0710431,1010.790412,259.8156173
23-01-2023 11:00,682.5777085,24.42427637,2.555614341,67.84601907,1006.880035,349.9235334
23-01-2023 12:00,460.464906,16.05322867,35.77583644,23.98333203,959.7035779,223.2463765
23-01-2023 13:00,986.8778398,0.769664222,32.62553181,47.29448524,1009.500978,411.1440157
23-01-2023 14:00,733.8809304,18.09506942,18.99163706,66.62018291,1049.865392,382.335461
23-01-2023 15:00,235.077482,22.6367173,16.01731684,80.40061004,1044.446895,380.711697
23-01-2023 16:00,461.2975246,19.88950624,36.53628973,71.65406581,950.2670993,493.3353604
23-01-2023 17:00,698.651547,14.59583182,36.62138915,70.43801761,1029.537831,182.8534898
23-01-2023 18:00,0,16.78258783,38.46650627,23.41379883,985.3605276,340.1265139
23-01-2023 19:00,0,24.75479473,-3.731055795,41.15156861,956.365137,434.9652531
23-01-2023 20:00,0,2.266552213,-1.972109462,13.86210454,979.5983214,310.7859953
23-01-2023 21:00,0,16.68112072,23.83683493,74.75292039,982.1736516,405.2759793
23-01-2023 22:00,0,7.084942364,17.07172383,95.73273832,1002.324424,236.5034836
23-01-2023 23:00,0,16.00225991,-9.076704755,33.76993512,1016.108377,315.7211055
24-01-2023 00:00,0,15.1905894,-6.901248201,17.89270382,1024.905561,75.04987676
24-01-2023 01:00,0,3.836420803,34.40401911,52.80130691,974.5903043,493.5954226
24-01-2023 02:00,0,5.168666144,33.44353978,87.10284008,982.177057,410.0083167
24-01-2023 03:00,0,15.54073945,7.8635461,59.67767757,980.8381707,440.9640822
24-01-2023 04:00,0,3.205748683,34.55253085,14.20994352,986.2736868,362.4324252
24-01-2023 05:00,0,6.629521878,19.68375372,97.68450165,1049.965631,133.7225148
24-01-2023 06:00,0,20.88113869,30.29528235,84.5784919,1027.79433,63.96279909
24-01-2023 07:00,317.9624074,8.17728765,11.37155356,21.84346693,1047.499047,439.0954735
24-01-2023 08:00,258.5964833,12.20150391,-4.330083633,92.96179809,1019.311106,228.3487942
24-01-2023 09:00,849.8538662,23.52850838,11.68635313,50.56194597,990.6270702,168.7391942
24-01-2023 10:00,801.9273866,5.678727221,12.8649899,43.47081915,988.9744184,302.7528315
24-01-2023 11:00,802.6503455,9.740650434,17.54720969,51.49479975,998.8581145,239.4043351
24-01-2023 12:00,773.0602748,15.16144439,-4.720864355,85.11147612,991.6869783,343.2496981
24-01-2023 13:00,735.5083389,18.88347324,39.57009315,69.35317105,1032.832625,267.7069549
24-01-2023 14:00,581.5935323,22.54133467,2.20684104,15.33236072,996.5002013,363.7549132
24-01-2023 15:00,713.8225308,22.88682469,-0.072379823,96.1843934,979.561436,434.0404713
24-01-2023 16:00,230.6892438,19.41600186,16.34014594,23.30057201,1027.486027,138.0006549
24-01-2023 17:00,697.1715381,5.708270915,16.86040897,77.10111566,1035.442041,198.2447963
24-01-2023 18:00,0,0.620233251,11.99103689,67.25228774,992.0428956,246.567014
24-01-2023 19:00,0,9.594348259,28.59460732,26.87752432,1016.780857,482.9263016
24-01-2023 20:00,0,3.538721275,15.83272004,25.36588685,955.8804534,214.4001261
24-01-2023 21:00,0,17.75969119,20.48477276,88.32948343,1002.946485,221.4949323
24-01-2023 22:00,0,16.52826467,26.18731927,47.77254311,954.4981138,344.0626353
24-01-2023 23:00,0,1.099291041,-8.748744922,68.91188628,952.919084,238.6398695
25-01-2023 00:00,0,20.91484448,18.53220913,55.36639035,1011.292485,478.0506855
25-01-2023 01:00,0,6.218581657,34.20972356,75.46181654,980.3335382,452.5109422
25-01-2023 02:00,0,10.80567689,-9.130562854,53.13181375,1024.253716,281.03395
25-01-2023 03:00,0,16.69834339,10.25910519,35.86419237,1039.608256,340.1488553
25-01-2023 04:00,0,10.73546967,36.31137251,42.70450339,963.9391174,76.11375285
25-01-2023 05:00,0,11.03219507,7.657720114,87.3169925,1022.452284,363.0787376
25-01-2023 06:00,0,1.640699883,12.93644121,52.12312236,1001.452,368.2403928
25-01-2023 07:00,662.3016652,10.03608873,39.07706965,29.2104399,961.211925,211.639683
25-01-2023 08:00,799.4522841,19.12119733,-0.033807052,94.11448493,1015.159261,148.8572976
25-01-2023 09:00,971.7523831,22.87940843,-6.737240544,81.69404108,1010.94668,461.7852808
25-01-2023 10:00,258.8506834,10.33742843,32.97112954,15.00995315,1001.564187,242.0172054
25-01-2023 11:00,242.7476819,10.58964567,33.42326706,99.90486658,1042.64712,344.1677472
25-01-2023 12:00,950.0402699,17.56567766,13.60389173,72.54340268,1002.10797,64.99795774
25-01-2023 13:00,623.9005004,23.56930003,15.71035872,24.42399391,1049.051512,236.330225
25-01-2023 14:00,691.9224117,6.676523506,31.79031848,31.34509132,1000.922881,417.766465
25-01-2023 15:00,585.9388813,11.00360516,26.92797491,72.32009331,961.5852038,224.4092002
25-01-2023 16:00,274.9259621,19.89933109,3.257450111,80.17849498,997.0471251,321.4225221
25-01-2023 17:00,814.4715027,15.24233923,-9.155332246,31.51323488,968.2328763,144.4351102
25-01-2023 18:00,0,2.764658599,13.98500813,33.12719685,1009.713349,237.436542
25-01-2023 19:00,0,15.69331839,32.9456163,37.64086254,1019.313218,467.4369731
25-01-2023 20:00,0,4.668657115,34.79173383,63.82165284,996.8435279,304.9032874
25-01-2023 21:00,0,12.75539835,37.81130985,25.46345605,959.7702968,455.8691566
25-01-2023 22:00,0,13.22758169,33.97816188,19.3818879,996.8641399,455.9086848
25-01-2023 23:00,0,21.90508406,19.00217776,71.09776802,958.1454215,474.8665102
26-01-2023 00:00,0,11.56235685,12.23027996,80.11881458,1018.212596,452.926247
26-01-2023 01:00,0,6.986060556,28.74249233,55.0836464,1029.036822,51.47650805
26-01-2023 02:00,0,5.774158705,26.99108172,42.74494392,1046.238033,470.3067012
26-01-2023 03:00,0,21.85629692,16.9071715,48.88384422,964.8802107,111.8567476
26-01-2023 04:00,0,4.27527136,-5.633631372,44.95670505,1003.242034,67.966813
26-01-2023 05:00,0,10.64671402,36.30406734,96.39864174,1006.753737,74.92484056
26-01-2023 06:00,0,4.679327873,12.78012688,79.12809147,1042.247653,207.0122878
26-01-2023 07:00,421.8067331,19.332601,8.166689096,28.72784934,1012.727664,329.3618384
26-01-2023 08:00,997.3466223,11.859316,21.47836976,44.57702368,964.5509646,231.0400384
26-01-2023 09:00,800.6321849,8.778592264,23.69189806,58.96110622,993.6351324,61.49942809
26-01-2023 10:00,715.7759819,9.027491016,0.534395852,65.16872759,1015.476253,264.4171854
26-01-2023 11:00,484.2317146,21.30535517,31.84694224,52.13655064,1020.028443,248.958834
26-01-2023 12:00,239.3286633,13.84434886,4.496854683,82.91139715,1036.3074,390.5821695
26-01-2023 13:00,224.8455008,17.94669628,-0.665803704,79.08454175,968.050712,175.8258043
26-01-2023 14:00,643.3450044,22.42596291,10.31999264,55.46421268,1045.154215,147.8890282
26-01-2023 15:00,809.6261768,22.5435419,26.52800404,86.89864481,955.9139412,165.172531
26-01-2023 16:00,629.9033524,8.212726358,38.27290892,77.59805774,1048.376213,186.6829202
26-01-2023 17:00,872.6280576,23.81128158,30.46406322,80.07236638,1035.776709,319.624193
26-01-2023 18:00,0,0.62189705,37.01741888,96.07607015,1016.027278,262.1864685
26-01-2023 19:00,0,9.420889025,-2.969709796,33.98202471,1023.49955,201.6025543
26-01-2023 20:00,0,22.39497144,-6.441160057,34.08833461,957.2692006,218.4413712
26-01-2023 21:00,0,6.865921995,17.8852381,90.00570301,954.1479863,216.9156471
26-01-2023 22:00,0,6.827036258,4.514874152,79.5003736,960.1765797,487.5830126
26-01-2023 23:00,0,7.565557127,31.40274865,93.38909873,958.7359815,154.8486446
27-01-2023 00:00,0,15.30783462,23.59939357,15.68171443,1004.738123,418.1277021
27-01-2023 01:00,0,10.95831939,38.5364082,66.49813695,971.5443987,368.6948769
27-01-2023 02:00,0,18.16837091,2.739617787,23.01655043,1036.020564,52.50650252
27-01-2023 03:00,0,22.37276606,14.28920572,55.35074785,994.5748623,496.9292982
27-01-2023 04:00,0,16.85498437,15.06202387,24.01722387,1019.551048,390.3977168
27-01-2023 05:00,0,5.111668005,1.958839743,21.52706581,1015.287309,357.1023139
27-01-2023 06:00,0,23.31704756,19.50466997,11.09515108,981.9853039,232.3961185
27-01-2023 07:00,798.5910449,6.612321834,12.1642993,66.72149311,974.3167574,299.84139
27-01-2023 08:00,922.4405225,3.747357383,12.3360778,42.3120355,984.2456285,163.9719031
27-01-2023 09:00,311.7764536,2.249181972,8.136832399,19.46694564,1029.665837,65.96753232
27-01-2023 10:00,276.9006814,14.08459352,-9.153532379,39.0554,1008.627685,426.2097463
27-01-2023 11:00,539.6580857,2.844061562,16.10476185,25.20496823,975.3538663,453.4180222
27-01-2023 12:00,946.9431249,3.469397103,6.762391785,94.75253484,1031.784644,123.1117865
27-01-2023 13:00,633.9092482,7.500762015,-9.934006551,38.80043972,955.4759386,404.1752431
27-01-2023 14:00,621.965171,7.041325242,5.397185383,40.0558171,1019.918337,383.518703
27-01-2023 15:00,312.9008946,15.10598776,3.931416654,85.58722031,993.9100806,130.2687509
27-01-2023 16:00,200.6316089,20.41863199,9.672407661,68.29801852,1023.129039,239.8229612
27-01-2023 17:00,848.1120726,19.03374141,-3.407400518,73.91544467,1042.746128,240.2410644
27-01-2023 18:00,0,6.562111368,15.38419123,67.24016236,1025.00341,391.9839162
27-01-2023 19:00,0,6.13276245,24.62201763,95.15766556,994.1965355,426.9474076
27-01-2023 20:00,0,24.14478825,21.50927845,28.63007484,965.0975682,92.64880463
27-01-2023 21:00,0,0.20590604,30.18774738,99.01353176,1030.635098,303.3361557
27-01-2023 22:00,0,21.99301333,12.6004144,84.78605598,996.0705527,392.7868236
27-01-2023 23:00,0,4.993212978,15.95458652,63.007533,957.5312323,403.7857673
28-01-2023 00:00,0,23.68210808,30.52009704,69.6134462,1021.90554,116.597086
28-01-2023 01:00,0,8.557682121,11.38505854,68.39432889,979.1851966,286.4773144
28-01-2023 02:00,0,11.00879435,25.07996749,15.25566017,954.888823,435.9014179
28-01-2023 03:00,0,17.67801535,11.73011844,29.62148487,1040.275101,193.3333595
28-01-2023 04:00,0,14.69172629,10.88680973,96.53237961,998.3101092,241.3026045
28-01-2023 05:00,0,7.948483243,28.01028123,58.0927986,978.0961053,411.9613301
28-01-2023 06:00,0,13.8457729,-1.258154227,44.05182429,1021.638656,90.19378453
28-01-2023 07:00,793.3102549,18.26767211,6.929298597,78.58346171,1038.590238,436.7719805
28-01-2023 08:00,442.1122725,1.058373648,1.208613837,57.20670484,950.0307075,190.0205225
28-01-2023 09:00,729.8974879,0.279982631,7.955497148,11.18464943,1018.785219,50.65264247
28-01-2023 10:00,326.6264406,11.45167348,1.518741118,76.2613837,1026.701169,155.3716153
28-01-2023 11:00,750.4941274,3.295915445,18.97028155,75.8995804,970.9927427,90.2752884
28-01-2023 12:00,302.5504582,16.60860729,29.90854013,24.86338409,998.9623831,91.57320815
28-01-2023 13:00,540.285197,5.351311406,29.33065306,96.09940796,958.9285899,361.7760804
28-01-2023 14:00,397.764859,10.82127767,8.225048227,30.15173184,1024.674988,146.289351
28-01-2023 15:00,798.7001995,4.941773422,39.43802029,51.19744306,1034.745602,470.6340633
28-01-2023 16:00,409.6280036,13.71208964,19.69271824,20.32623651,960.8186657,282.400046
28-01-2023 17:00,905.3738451,2.901336485,9.970015089,64.29540875,1031.646025,257.0442161
28-01-2023 18:00,0,0.57767132,31.77696396,43.79060081,1027.157017,245.4275832
28-01-2023 19:00,0,1.278290953,26.49370063,41.7856116,984.691332,361.6644379
28-01-2023 20:00,0,23.85646104,27.46376684,84.42791895,1019.028953,253.5182431
28-01-2023 21:00,0,3.557155465,-0.193032513,10.86055416,950.0048124,107.8701603
28-01-2023 22:00,0,17.71195633,13.41621537,81.81520938,1043.179765,446.0774813
28-01-2023 23:00,0,1.698155106,33.09140654,61.43037092,1005.038324,242.777907
29-01-2023 00:00,0,2.704008806,15.20190038,98.74886621,1012.033886,83.30205906
29-01-2023 01:00,0,12.72190629,24.17263717,63.04988985,1016.465941,288.2146944
29-01-2023 02:00,0,11.62177325,19.39668665,14.98412207,1006.136902,341.3060863
29-01-2023 03:00,0,23.78950774,32.11783939,14.55807938,1035.676389,174.0121089
29-01-2023 04:00,0,23.62088633,4.228041988,89.48376877,1010.970183,410.1531835
29-01-2023 05:00,0,19.49021606,18.77376389,85.7092731,1040.775999,351.3991307
29-01-2023 06:00,0,15.05254575,-3.8382666,41.1301068,1008.233162,342.6535262
29-01-2023 07:00,767.0125059,11.37400793,24.51053883,65.62292358,967.1122422,239.3712288
29-01-2023 08:00,399.1548198,8.904463358,26.59839192,54.06322214,1041.356256,482.8618856
29-01-2023 09:00,459.5505829,23.67718867,-7.858133941,97.04476496,1018.16275,173.3851256
29-01-2023 10:00,467.3722698,15.07272029,23.78954818,95.49648108,1019.923899,309.9674755
29-01-2023 11:00,220.5939278,14.47681319,10.73450771,98.54551077,1048.548175,189.0748209
29-01-2023 12:00,472.8382983,5.797528044,-3.795156195,87.98039026,957.5196554,385.1621388
29-01-2023 13:00,842.6436588,1.167445447,10.99537738,91.85964317,992.8592607,71.50616774
29-01-2023 14:00,917.8387966,23.62971449,-0.288353515,29.55509009,973.9095393,70.65224054
29-01-2023 15:00,614.5746525,7.843381471,10.77797661,84.79061101,1013.042646,414.8874363
29-01-2023 16:00,564.4013562,11.06472558,9.216951398,73.79714019,1030.681168,245.4206725
29-01-2023 17:00,224.659695,2.86599859,26.91958185,96.65078579,1046.631071,203.5310246
29-01-2023 18:00,0,20.92310825,28.71077791,61.41356456,995.4596107,323.387088
29-01-2023 19:00,0,0.690795821,20.35143272,17.665045,1028.621823,365.8547047
29-01-2023 20:00,0,20.84976905,-8.865657891,63.76590021,1041.705159,140.5406061
29-01-2023 21:00,0,3.50712532,36.55111395,71.79228352,1018.332543,133.4440586
29-01-2023 22:00,0,22.16410282,24.311664,29.82889258,974.2732552,481.1678365
29-01-2023 23:00,0,18.24431593,-8.290227504,45.47020452,1010.785415,315.3489379
30-01-2023 00:00,0,4.116756563,30.94164496,63.86530726,1046.995205,225.5524148
30-01-2023 01:00,0,14.14544982,0.013307736,43.66951636,1048.755383,410.6487626
30-01-2023 02:00,0,7.816407859,18.96105948,43.74529455,1014.235982,286.3215315
30-01-2023 03:00,0,4.455827473,13.3317185,21.97779753,1038.698776,158.7482647
30-01-2023 04:00,0,21.47955499,10.99193912,94.66720508,970.0349364,143.0308875
30-01-2023 05:00,0,10.08806916,34.48568601,77.5444946,974.6078605,228.5866698
30-01-2023 06:00,0,9.963592859,11.86806458,10.1119095,1045.288761,436.9531371
30-01-2023 07:00,200.573487,4.24716687,-6.232794121,78.90519556,963.5235375,77.65156222
30-01-2023 08:00,949.4827441,9.576641902,37.33193636,76.58154934,969.1106438,148.3367003
30-01-2023 09:00,331.6202979,21.79042116,36.02676156,10.87578641,992.0548599,451.9183185
30-01-2023 10:00,386.8643474,9.078217762,24.22163448,43.26438679,1008.958429,104.780556
30-01-2023 11:00,410.7787566,23.79008906,13.39462641,64.60729213,1010.381722,333.3315732
30-01-2023 12:00,230.2561092,23.65772248,-5.357026353,50.74755867,979.1976009,146.0801157
30-01-2023 13:00,298.4416989,3.622466483,29.53740593,80.01875068,1042.06139,322.6400814
30-01-2023 14:00,989.0799384,4.432781338,-6.226104279,48.29124994,1041.509991,222.3968751
30-01-2023 15:00,452.1733899,21.56685176,-6.569950755,23.84766725,989.2068053,95.75460339
30-01-2023 16:00,292.2408723,9.819022973,16.86919212,97.87740618,993.4291769,312.1137804
30-01-2023 17:00,285.5930089,0.109349557,-1.993587991,31.78359935,1020.249712,357.3692362
30-01-2023 18:00,0,6.846795493,-9.613486633,74.59230795,1016.29959,356.1226785
30-01-2023 19:00,0,14.94072483,11.15567155,22.88406805,988.2297015,336.6654841
30-01-2023 20:00,0,19.98164915,-3.139138419,39.61113524,991.4244252,275.1011514
30-01-2023 21:00,0,3.334715427,-1.974229236,49.78248476,984.8038943,283.7626776
30-01-2023 22:00,0,2.76353411,-6.154468063,27.30088041,973.5385007,336.0380494
30-01-2023 23:00,0,23.05231634,0.254687686,50.49636187,995.8138363,360.6167128
31-01-2023 00:00,0,18.7787092,25.77420899,24.14465407,1018.643413,344.6945325
31-01-2023 01:00,0,14.74449002,30.44636536,60.31058851,1024.196671,314.1255042
31-01-2023 02:00,0,19.22966975,12.6266822,69.73419273,1027.887365,120.1275432
31-01-2023 03:00,0,10.72135903,15.32769079,15.61908556,987.4732013,144.7774423
31-01-2023 04:00,0,18.96139368,-8.36724827,88.4018909,1026.463599,167.1008095
31-01-2023 05:00,0,9.295074782,-6.534186931,26.66267965,950.6516316,463.8477457
31-01-2023 06:00,0,6.102364312,2.878386282,30.28261828,997.7049938,391.7277913
31-01-2023 07:00,653.444884,18.22533553,17.19492104,69.52148561,1029.39044,298.7900688
31-01-2023 08:00,483.5391936,10.4918073,26.97755744,52.18759544,1013.004472,163.4256178
31-01-2023 09:00,504.9175056,24.53442761,20.25015307,54.94560393,997.4063124,99.90118546
31-01-2023 10:00,529.4818265,8.737129558,9.606392749,21.53394861,1014.464201,454.4416517
31-01-2023 11:00,782.0634577,23.04318551,-4.08379635,82.51622397,1040.6946,451.6997071
31-01-2023 12:00,561.3111964,23.32406371,29.03866174,65.53488215,1006.63818,99.81301806
31-01-2023 13:00,885.3839572,6.046323677,8.18930258,22.1843839,1029.978619,408.7474997
31-01-2023 14:00,955.2758287,19.95552954,26.80270072,43.65994303,1048.074273,250.9902812
31-01-2023 15:00,468.7569227,10.82686263,15.6489421,82.93689395,1020.55682,195.7851198
31-01-2023 16:00,648.5555851,22.93811818,26.93310268,61.15195414,1007.332576,382.5970413
31-01-2023 17:00,276.0452295,11.25310682,35.36447807,19.77839012,953.7485947,326.4482935
31-01-2023 18:00,0,18.60759293,36.0514758,43.54993412,987.4477898,401.0135484
31-01-2023 19:00,0,11.67418523,16.755339,31.84249586,1006.544273,83.44798728
31-01-2023 20:00,0,5.695018893,15.57541824,56.57189983,1029.720657,193.364159
31-01-2023 21:00,0,4.983753224,3.283923275,85.9025016,993.810479,193.6925827
31-01-2023 22:00,0,10.63577986,36.78999158,49.26404213,1046.005828,198.3888915
31-01-2023 23:00,0,18.88736643,12.89595836,49.00078273,977.1793753,276.1159427
01-02-2023 00:00,0,15.12678713,-3.620438036,91.48158121,1024.45672,177.3562114
01-02-2023 01:00,0,17.21573225,11.63524573,61.85668713,991.9031417,249.9726245
01-02-2023 02:00,0,7.058158768,-3.647337488,60.95719787,998.5988495,215.4999169
01-02-2023 03:00,0,12.03588365,15.12658421,33.57189027,1030.250203,380.8832216
01-02-2023 04:00,0,1.109881624,18.06377574,64.69504731,979.6215262,321.5753581
01-02-2023 05:00,0,20.4383104,6.887788075,61.83194207,959.6812057,344.1332445
01-02-2023 06:00,0,24.74730406,-6.417469288,45.71663233,1002.025558,144.7627523
01-02-2023 07:00,571.7515748,10.17197657,37.17517678,99.16260093,1002.879461,196.4759744
01-02-2023 08:00,856.5886727,0.274091328,28.66765567,89.37018685,1029.716777,59.52445143
01-02-2023 09:00,691.6328146,4.244815989,31.94405403,77.46276611,1046.831921,98.76861828
01-02-2023 10:00,865.729963,16.31317194,8.343419714,58.36110296,955.5300686,169.2744044
01-02-2023 11:00,595.2093365,15.30198296,28.0415515,51.58538217,1009.168947,79.45867459
01-02-2023 12:00,294.7693641,19.69661799,14.26864476,26.64076557,1018.127853,321.1845802
01-02-2023 13:00,210.9118767,6.347100274,0.05417442,37.51637266,1048.580135,499.1585522
01-02-2023 14:00,442.5756374,19.09079789,-3.778831155,79.65647198,1044.259021,95.36684633
01-02-2023 15:00,758.3923772,17.19960054,7.252543466,50.83740585,1021.245076,419.5535957
01-02-2023 16:00,832.2079232,8.070362443,-3.122394426,89.40425649,1002.178941,103.4673113
01-02-2023 17:00,436.6022677,13.6372037,39.91344881,23.31200227,966.1523922,351.4613085
01-02-2023 18:00,0,3.681845212,-7.540550488,55.75123864,988.4176555,339.4209214
01-02-2023 19:00,0,11.31411259,12.05717997,68.22691156,1008.512233,456.2226207
01-02-2023 20:00,0,22.02993349,12.60467612,56.51636107,1022.52004,101.2755262
01-02-2023 21:00,0,10.5297845,5.031596429,90.03042024,1013.539956,191.9500097
01-02-2023 22:00,0,20.98916766,18.56757829,99.06069536,1021.41228,90.85089216
01-02-2023 23:00,0,14.75633413,-2.501148792,20.42511925,992.9152505,233.3224966
02-02-2023 00:00,0,4.796917828,29.19561903,21.69594137,1022.762729,460.2169281
02-02-2023 01:00,0,14.52765612,6.622385912,21.72917022,964.3741256,401.685418
02-02-2023 02:00,0,12.64958323,19.56712949,71.30593865,966.2586312,375.3050452
02-02-2023 03:00,0,9.96603338,25.7819618,43.54084859,966.2832146,289.8623772
02-02-2023 04:00,0,2.990760988,34.45210588,75.99831951,1039.086496,447.5685841
02-02-2023 05:00,0,10.4177166,31.78937182,46.49243256,957.6034063,252.2488092
02-02-2023 06:00,0,1.819059406,20.41545141,66.48460492,1030.150837,117.3585502
02-02-2023 07:00,476.6628562,2.469226285,9.419659019,79.28722051,973.3570898,426.9133504
02-02-2023 08:00,486.2729269,10.39791332,15.1602335,59.33943196,996.842994,175.8372476
02-02-2023 09:00,206.7611968,7.634537049,28.43673967,58.55532314,1041.59566,74.13509346
02-02-2023 10:00,871.3663624,23.13860815,33.87727713,17.94108928,1008.593723,106.7171138
02-02-2023 11:00,225.5955681,9.392645135,-4.810903591,46.97035686,971.0117686,324.0765123
02-02-2023 12:00,952.1438678,18.94645305,9.242813125,59.11994379,978.409006,323.1868838
02-02-2023 13:00,913.6594809,13.25618816,28.80582992,51.57827431,1042.044662,167.082427
02-02-2023 14:00,628.4175329,17.60214172,11.58258813,91.07038002,992.7143925,377.2310666
02-02-2023 15:00,634.8764599,6.502899575,6.611388203,91.58775689,1008.698548,398.1380699
02-02-2023 16:00,723.0223384,23.54762432,10.56613484,83.97256425,995.9932197,464.2261818
02-02-2023 17:00,509.6400095,13.25221242,20.14223734,43.77682678,987.8438088,313.2218744
02-02-2023 18:00,0,20.78310178,39.99025721,74.55692365,972.3279127,400.7405139
02-02-2023 19:00,0,9.126142337,14.64962146,45.5759615,1018.61915,388.8948559
02-02-2023 20:00,0,2.505283726,0.424723748,30.93342391,1021.824203,166.0140718
02-02-2023 21:00,0,16.84279119,-1.857671236,40.86123792,977.4885092,189.6016676
02-02-2023 22:00,0,0.193991208,-7.882512626,16.386817,1028.901084,265.3170781
02-02-2023 23:00,0,11.88232441,17.94086175,39.85997581,1035.45352,58.56753539
03-02-2023 00:00,0,4.820047567,17.22860457,51.46679955,1042.06751,183.8289979
03-02-2023 01:00,0,15.68438761,0.261696339,95.99328053,966.1212414,263.247293
03-02-2023 02:00,0,24.48549683,24.76647032,38.20695276,980.3923684,98.63118288
03-02-2023 03:00,0,11.61007266,27.05535208,91.22081853,1036.035335,106.8241495
03-02-2023 04:00,0,20.43745641,2.954910269,30.59724482,969.8540203,258.4565311
03-02-2023 05:00,0,12.69460467,7.204988201,27.1872008,950.3468459,378.9342642
03-02-2023 06:00,0,12.39600078,39.52358362,56.70959108,1037.082731,425.1870189
03-02-2023 07:00,602.8560595,23.26058733,8.713223393,70.52602324,982.6449442,295.8412539
03-02-2023 08:00,841.3140719,22.24914672,28.04008359,13.98990257,991.4497525,263.6370444
03-02-2023 09:00,553.2272083,19.64501163,12.63627133,29.89592785,994.6334026,222.9262558
03-02-2023 10:00,592.4908607,7.406393833,29.66724139,51.01152999,1034.82746,136.8270466
03-02-2023 11:00,879.0140682,13.62521039,28.45116194,39.79039024,983.7892145,115.9529013
03-02-2023 12:00,764.8464917,5.597430833,23.38780126,74.13589714,1039.227989,406.3534032
03-02-2023 13:00,592.3635268,11.09791745,32.73891731,56.00445364,1011.693914,259.2529845
03-02-2023 14:00,406.1565186,12.10532664,36.96092474,24.4323195,1002.728672,405.6441105
03-02-2023 15:00,907.9413975,20.791001,18.99916602,90.50188414,982.5614507,366.8373662
03-02-2023 16:00,661.6163214,22.40070913,1.873445361,36.36151079,974.3711696,137.2531615
03-02-2023 17:00,376.9180881,10.36550156,9.931448082,75.80179981,1012.405844,279.6382689
03-02-2023 18:00,0,0.442611127,27.91528568,80.19242012,994.689416,249.8074837
03-02-2023 19:00,0,21.54434599,22.54417426,96.68419302,1041.051601,240.7430777
03-02-2023 20:00,0,4.356966963,-1.110083072,54.86567199,999.1638716,294.1569721
03-02-2023 21:00,0,15.5470491,-7.438022943,65.42519639,1001.179492,491.9368555
03-02-2023 22:00,0,0.624272511,24.14807968,40.13886641,991.6723281,415.805269
03-02-2023 23:00,0,9.987661882,2.553951201,71.03613641,1028.9263,456.6705942
04-02-2023 00:00,0,24.64900755,14.98351219,51.70451373,992.4839198,63.33781243
04-02-2023 01:00,0,2.517340028,27.33733863,49.38871283,976.9342,113.1513651
04-02-2023 02:00,0,10.5923288,18.13333903,86.99207762,1036.203087,88.1436471
04-02-2023 03:00,0,7.678748755,-5.834870844,14.51519591,1009.682822,168.4539523
04-02-2023 04:00,0,22.62720308,-0.720988161,89.3766185,1009.151022,248.8516214
04-02-2023 05:00,0,21.7335027,0.966409202,86.6862854,1011.082221,338.9239614
04-02-2023 06:00,0,5.942469008,2.893212682,55.57296282,1021.883975,275.3740698
04-02-2023 07:00,395.8398984,2.029694676,18.2701696,54.11825688,981.3067989,456.4327617
04-02-2023 08:00,744.4664743,15.67845985,15.19828899,42.56266312,953.3844371,472.9351815
04-02-2023 09:00,297.0119147,8.409217797,0.158001918,99.47564125,1031.059316,123.584428
04-02-2023 10:00,291.009567,16.80210977,-6.622257827,20.00523995,962.8905054,433.8108141
04-02-2023 11:00,528.7684864,0.802993902,-1.428389776,63.11937121,1022.181974,266.7749918
04-02-2023 12:00,718.2696309,3.334980879,39.21906563,71.35134311,958.2315298,253.9982621
04-02-2023 13:00,769.6575938,17.15930582,13.42734749,94.08970074,987.5307842,403.2227068
04-02-2023 14:00,342.7605393,5.309266383,33.36727524,80.21831472,956.302607,91.91322907
04-02-2023 15:00,263.6705179,21.43969189,32.43762333,67.94624825,1002.221368,447.1219073
04-02-2023 16:00,952.3176272,1.464772193,15.57597787,20.51310851,1015.313577,351.8885095
04-02-2023 17:00,408.533106,5.38704957,25.33438542,43.63601651,967.1433141,443.8677234
04-02-2023 18:00,0,24.96400621,-0.362399479,22.49574783,987.1627618,497.51491
04-02-2023 19:00,0,10.82690256,24.41983525,89.30914592,1043.023949,283.1020036
04-02-2023 20:00,0,17.57414159,3.619228963,77.465904,994.2389117,91.96798906
04-02-2023 21:00,0,4.566576221,31.60310484,78.17831081,1030.254357,124.9357383
04-02-2023 22:00,0,15.24671837,-5.813793345,68.7030866,1042.718475,195.6282091
04-02-2023 23:00,0,18.15265171,28.65693364,55.63391832,1047.434582,96.59882396
05-02-2023 00:00,0,7.861915897,-5.003154672,23.49739535,1039.832202,416.9038218
05-02-2023 01:00,0,20.7224278,34.05946184,39.6725398,981.7405329,183.590533
05-02-2023 02:00,0,15.08543946,5.210225907,22.32242132,1046.257289,489.1487846
05-02-2023 03:00,0,9.72807524,22.71966824,75.24218286,1031.239524,366.1661444
05-02-2023 04:00,0,13.94105983,14.37511393,24.42058984,1033.717558,128.0436666
05-02-2023 05:00,0,14.41902119,8.315157263,73.19021952,951.5172984,264.2191911
05-02-2023 06:00,0,4.138382317,22.27209166,72.30298506,1045.423886,260.0978997
05-02-2023 07:00,580.2872541,10.06830925,37.37614903,51.33740311,1027.809022,271.6302463
05-02-2023 08:00,490.8115659,8.5857647,-7.936512631,22.17057887,1026.79675,291.0610268
05-02-2023 09:00,712.8048459,10.02256806,35.94264279,38.33207435,958.1524731,64.02788704
05-02-2023 10:00,921.0073662,19.02776471,20.45408275,38.80837982,973.2568541,358.8355066
05-02-2023 11:00,331.1362096,12.06346019,30.36571504,73.03466198,1046.226167,269.2362989
05-02-2023 12:00,505.1270479,23.50790383,9.193747672,20.23687175,1000.067707,405.9344295
05-02-2023 13:00,312.6948832,7.341910334,13.59214874,84.61617816,989.7858018,416.907308
05-02-2023 14:00,699.9550163,10.39258946,33.44253759,78.49065612,1033.994082,153.7408049
05-02-2023 15:00,783.0964076,19.67392026,10.74239849,26.76762264,958.7340414,71.79032589
05-02-2023 16:00,945.5301861,13.65061483,16.73297834,74.72479436,991.6942016,366.4552353
05-02-2023 17:00,423.097541,13.67570366,-8.990253846,70.16618633,987.5700774,489.9932548
05-02-2023 18:00,0,1.333504075,-2.070099708,77.33087201,984.9851387,250.996094
05-02-2023 19:00,0,9.964991568,22.0843254,27.00356999,980.7692244,166.8257643
05-02-2023 20:00,0,6.768343311,25.84884505,24.18312899,971.0074957,120.5023526
05-02-2023 21:00,0,24.98337807,19.13004684,31.28355873,967.2910803,179.3505188
05-02-2023 22:00,0,7.708876766,-2.834498186,42.92845328,1014.040612,197.5637981
05-02-2023 23:00,0,22.11241337,12.27027143,81.42984829,1041.939484,240.7436345
06-02-2023 00:00,0,16.90584338,7.754738318,76.41315437,1000.885165,344.9332054
06-02-2023 01:00,0,8.52291023,14.7830672,93.29064331,979.7974552,172.9233752
06-02-2023 02:00,0,13.58835946,33.51645173,15.27666032,965.9160198,72.93954356
06-02-2023 03:00,0,21.013397,28.79307193,11.04006529,1033.014337,217.9753752
06-02-2023 04:00,0,22.08420745,-5.800524931,72.92249467,1047.149206,435.0333273
06-02-2023 05:00,0,4.009846875,34.51545989,35.13587462,984.9155401,274.2581799
06-02-2023 06:00,0,8.48932853,13.58835756,40.0671006,979.0950426,484.152691
06-02-2023 07:00,574.7689897,8.380579505,27.19310724,59.21218233,1010.149295,276.629689
06-02-2023 08:00,678.6448606,1.051119902,-2.998038437,19.21718108,1027.532898,174.1544676
06-02-2023 09:00,224.7764827,14.955944,23.53597629,67.84249749,995.5402804,136.9912988
06-02-2023 10:00,419.9165266,21.37050132,1.81630088,39.26327016,1013.007315,362.5360236
06-02-2023 11:00,226.2398994,9.539359696,11.91904486,66.94436119,1021.654907,291.3715786
06-02-2023 12:00,536.2683114,18.50089862,-9.156856496,85.06062218,1046.059229,321.799518
06-02-2023 13:00,916.0800233,15.69251034,-2.419468103,25.40002,966.5037331,389.8070552
06-02-2023 14:00,986.1219292,9.391218387,-5.395975344,93.77857836,1049.738249,376.6565589
06-02-2023 15:00,709.6380428,3.526494987,1.987208647,57.7619327,989.2156655,69.51348508
06-02-2023 16:00,329.310155,17.73309632,-4.999095499,93.06349887,1022.320014,411.1573574
06-02-2023 17:00,924.679512,21.36412922,24.59550133,28.6957074,1007.241438,289.7164882
06-02-2023 18:00,0,17.14636231,-8.54800489,64.41063981,998.6668617,226.2688389
06-02-2023 19:00,0,0.446962101,20.88702503,46.34984056,1019.807537,291.8837418
06-02-2023 20:00,0,5.40582236,-2.964608459,79.6799972,989.575385,325.6031518
06-02-2023 21:00,0,1.736999622,37.25807286,64.53180489,962.6109981,117.2778394
06-02-2023 22:00,0,14.25965249,36.65470366,54.50639113,998.8893383,237.8369279
06-02-2023 23:00,0,18.91194197,1.275155126,92.16868658,1002.191587,201.0137946
07-02-2023 00:00,0,2.764479677,20.72106491,43.94053578,970.1902153,207.6840252
07-02-2023 01:00,0,20.95844551,-8.599734026,29.79821844,1043.561936,91.10072228
07-02-2023 02:00,0,13.88772446,36.58942715,64.72910682,972.7475647,121.9295696
07-02-2023 03:00,0,17.2492253,16.14936541,66.16255935,990.9227594,122.8244304
07-02-2023 04:00,0,24.28504622,-7.838842429,49.51851594,965.4929687,217.9511344
07-02-2023 05:00,0,2.092024706,7.12499965,53.79490393,1003.579665,452.5211952
07-02-2023 06:00,0,22.53060057,-6.157526907,96.35980729,980.7637608,142.7123174
07-02-2023 07:00,562.609418,3.1525674,9.647221969,75.94171223,998.927252,237.2866285
07-02-2023 08:00,833.7519506,9.823970166,23.49631711,19.95415763,972.4616916,190.2242369
07-02-2023 09:00,870.897437,21.28596741,13.4944954,29.09170638,955.3775128,404.3224906
07-02-2023 10:00,723.820601,22.65635592,9.186108736,97.8018971,1027.922665,72.55689454
07-02-2023 11:00,382.7406818,12.65929184,-4.042147723,75.38189984,1014.108628,138.444528
07-02-2023 12:00,419.2094243,14.85261596,2.246952285,92.35406135,984.0739356,144.7886941
07-02-2023 13:00,451.8729243,17.70368336,-4.992835613,37.34753176,954.7494225,496.8332601
07-02-2023 14:00,293.4432862,20.81896671,30.37493658,76.76801741,1036.557506,306.8487581
07-02-2023 15:00,418.5276963,3.037779238,-3.238008601,74.26024377,966.9795005,112.531219
07-02-2023 16:00,367.6153795,20.25173271,19.76866833,36.52209869,1043.074222,172.4896127
07-02-2023 17:00,564.2629998,12.03190376,7.137020679,59.57346929,997.8595379,125.5199424
07-02-2023 18:00,0,11.26558563,1.298919233,66.46736001,984.038671,106.0720563
07-02-2023 19:00,0,10.5974938,21.97342197,53.30186297,1024.175948,408.7319128
07-02-2023 20:00,0,12.73028963,12.85011547,84.4460836,1037.683941,273.0886829
07-02-2023 21:00,0,23.62626383,10.00727336,84.95821376,987.0713564,334.0445616
07-02-2023 22:00,0,13.70509432,19.64260024,86.55404935,990.7343752,199.0630611
07-02-2023 23:00,0,23.82943846,14.56338142,82.30812122,993.3158219,299.1627887
08-02-2023 00:00,0,4.507253265,5.174210428,53.92751295,1042.232306,165.9060646
08-02-2023 01:00,0,18.10339947,17.95306439,44.32944683,1019.256399,188.6163237
08-02-2023 02:00,0,20.30598847,23.47492883,84.82386553,974.7646117,343.507075
08-02-2023 03:00,0,16.97822078,-8.665342071,54.11813127,968.4999698,117.6575567
08-02-2023 04:00,0,15.17305701,13.29358645,32.17342588,973.0367663,327.7498366
08-02-2023 05:00,0,14.12031953,-7.115835771,55.66091791,976.3563889,433.5056674
08-02-2023 06:00,0,21.52326206,-0.679729297,22.76648397,973.0183491,104.1904518
08-02-2023 07:00,558.5366776,20.54116493,18.0254367,72.24665415,1015.850645,453.8575763
08-02-2023 08:00,709.3543315,3.05721803,33.30944576,40.23291535,961.5933511,85.75055613
08-02-2023 09:00,376.9902558,21.21469143,34.14028396,33.45929186,988.735849,207.0091521
08-02-2023 10:00,741.6589701,10.35171549,-6.502799493,96.08578716,1012.505357,324.7291919
08-02-2023 11:00,817.7922207,6.34242075,10.95525431,79.91928962,979.0859974,301.7366421
08-02-2023 12:00,578.5705495,21.7442142,19.15032415,80.83625525,956.5274385,93.37598262
08-02-2023 13:00,694.1815392,10.80061999,-2.646504772,66.13497724,958.1823923,409.5109255
08-02-2023 14:00,565.0607391,20.20911725,28.27161084,85.52555295,962.5966776,487.9189819
08-02-2023 15:00,915.2730954,6.585090299,27.21176292,78.3246233,1033.584302,131.5527301
08-02-2023 16:00,598.2953444,0.098233036,35.16705069,63.88963337,1015.786351,452.8089364
08-02-2023 17:00,873.4469672,12.38647982,-9.575699396,96.50119617,956.4522411,300.564249
08-02-2023 18:00,0,2.505706416,0.834212199,27.24354547,989.1068879,471.1701971
08-02-2023 19:00,0,18.85939889,31.35933571,94.90417471,977.8585173,129.2386813
08-02-2023 20:00,0,6.901878402,23.52900254,46.12943458,1007.804011,406.4096269
08-02-2023 21:00,0,11.09114117,34.71949268,57.55590851,1002.280595,76.90170895
08-02-2023 22:00,0,2.175839127,-7.141017273,21.04653876,998.1124023,447.4384011
08-02-2023 23:00,0,7.166481211,19.84819829,58.6096695,981.451237,353.37174
09-02-2023 00:00,0,19.53725608,18.45232874,65.00860767,963.7799772,216.6146528
09-02-2023 01:00,0,3.789697798,-8.216279182,99.79313876,1024.237638,135.7100706
09-02-2023 02:00,0,16.17898903,15.67610385,97.767317,1037.985677,417.4398944
09-02-2023 03:00,0,22.93564632,20.47601557,96.97575627,1044.415091,321.4585946
09-02-2023 04:00,0,16.99591899,-0.43534129,41.35492541,955.8618971,212.1871338
09-02-2023 05:00,0,20.27554223,3.666479156,99.21398489,1023.990871,249.7261212
09-02-2023 06:00,0,2.724290733,22.01736731,50.99303364,1022.650346,421.9441952
09-02-2023 07:00,279.1748987,6.26829565,13.41504738,86.66526329,1044.710961,202.517237
09-02-2023 08:00,417.1051161,22.36347131,32.90068288,29.46879721,975.2914594,90.33470515
09-02-2023 09:00,884.0875376,17.87764034,7.1190883,55.52498617,1024.217904,460.0769775
09-02-2023 10:00,477.1754297,15.98884566,3.332982919,96.94108865,955.4626289,224.3046828
09-02-2023 11:00,978.4362796,16.5941684,39.24329702,95.23282572,1013.124572,206.77438
09-02-2023 12:00,983.7874678,10.35501386,35.55678851,71.536139,985.0847824,141.9798285
09-02-2023 13:00,414.6208164,1.11391579,-8.55036275,81.80328903,1026.890944,453.8401571
09-02-2023 14:00,232.7825778,19.61103855,28.53643077,25.87840269,1036.330429,147.8774002
09-02-2023 15:00,764.0506274,16.96783091,-4.483261309,74.94926945,986.4821042,336.5027906
09-02-2023 16:00,560.7892021,11.8201116,-8.625740259,65.62457275,1002.558609,446.3442552
09-02-2023 17:00,280.6022752,22.49399038,3.684775798,18.23965622,961.7404062,65.71112657
09-02-2023 18:00,0,8.403991625,3.467293953,20.18431059,991.6906965,422.9562674
09-02-2023 19:00,0,7.358043606,30.96593812,19.7599256,986.0800393,234.7697398
09-02-2023 20:00,0,21.81990813,25.5333623,75.19212413,968.312346,346.0885589
09-02-2023 21:00,0,19.92469137,39.08047137,22.75436874,1039.447862,217.5820535
09-02-2023 22:00,0,12.87449527,25.57564502,52.0959044,964.8087838,362.9823154
09-02-2023 23:00,0,3.268368486,10.91277766,42.12836253,1013.573936,164.4327116
10-02-2023 00:00,0,5.376786787,24.94638305,59.54537267,1039.014264,59.8687441
10-02-2023 01:00,0,16.40569976,39.97295336,73.58288385,1041.196858,476.5043817
10-02-2023 02:00,0,9.626030946,25.50709413,71.62502835,1029.32397,57.36549382
10-02-2023 03:00,0,20.91182979,28.0840678,56.39679243,967.6141134,420.8446803
10-02-2023 04:00,0,23.74887523,36.91825076,51.79013862,1031.743141,126.111917
10-02-2023 05:00,0,20.14092313,-4.317436934,45.80340356,977.6564812,226.4991029
10-02-2023 06:00,0,9.438635575,25.23921467,87.57189535,1042.239803,420.1215694
10-02-2023 07:00,641.4629868,19.71716073,32.5402979,39.77666244,1020.908668,142.6694676
10-02-2023 08:00,705.4198749,8.786041837,37.71893001,33.34292391,1028.526756,439.5684225
10-02-2023 09:00,405.6948032,4.177502194,0.548464486,76.89839443,958.5032454,273.9915226
10-02-2023 10:00,958.9232647,0.834830122,15.19645039,42.37871155,1008.276511,214.7690582
10-02-2023 11:00,335.8067986,9.642917819,24.02774238,86.22987398,1032.114213,348.096986
10-02-2023 12:00,972.5225398,22.58898259,2.373386475,39.50998468,1036.159035,203.6253749
10-02-2023 13:00,211.884898,5.974664694,20.02364316,73.17503421,952.8631705,206.2797615
10-02-2023 14:00,584.9005535,5.162829123,2.878939125,14.05981057,1043.915923,380.0868759
10-02-2023 15:00,466.6942705,24.24551963,6.672851027,44.70065921,954.3338733,189.424501
10-02-2023 16:00,559.2987311,0.625102821,12.07593483,40.89071575,1011.451868,140.3476918
10-02-2023 17:00,656.5316632,19.64455376,16.45950494,83.50108653,1019.338753,413.4407576
10-02-2023 18:00,0,8.034248894,12.46829358,97.03498629,960.7345291,412.4169652
10-02-2023 19:00,0,0.937198922,14.65977599,51.4793149,954.8011866,273.9135667
10-02-2023 20:00,0,22.94506351,4.929437814,84.23526494,1028.491215,286.9950273
10-02-2023 21:00,0,3.491058255,-2.051745299,72.97252309,988.4670625,363.2344816
10-02-2023 22:00,0,13.79448209,-7.632501134,97.06473889,960.7112515,279.1734313
10-02-2023 23:00,0,6.851355186,-0.201063875,82.99976629,1026.266782,237.6679815
11-02-2023 00:00,0,1.629820055,19.09718208,16.97302594,1034.916307,497.702387
11-02-2023 01:00,0,1.248062142,29.30577239,74.19535501,1008.738619,116.4381925
11-02-2023 02:00,0,2.888917471,-1.537620128,58.19497439,966.1236808,316.7275907
11-02-2023 03:00,0,1.784175347,-4.572232111,11.47924521,951.5222471,448.6383617
11-02-2023 04:00,0,19.01395289,27.46451803,32.61816629,1020.080248,359.2467685
11-02-2023 05:00,0,12.13915506,5.257916527,92.95797205,1005.013967,446.4154846
11-02-2023 06:00,0,8.572302284,37.57497196,93.34552355,1015.079714,201.3506242
11-02-2023 07:00,284.4109171,10.45922275,25.71589853,81.89654142,1031.318467,172.3968393
11-02-2023 08:00,746.4556602,23.22366839,6.337802362,98.3601643,993.4227777,433.0725741
11-02-2023 09:00,728.5819145,22.76879532,4.47713739,82.58907022,962.4515469,227.3515593
11-02-2023 10:00,960.4850973,17.891912,16.18491931,10.91837686,1043.998329,369.3570454
11-02-2023 11:00,783.7427309,22.11705944,-6.042766586,35.90509063,1004.526213,116.4868603
11-02-2023 12:00,241.636671,7.99120069,-4.116174368,12.7561764,1011.529412,390.1271564
11-02-2023 13:00,907.3961391,9.52773315,-1.207105934,18.46971719,1043.341143,297.0421921
11-02-2023 14:00,890.1401304,15.34280455,28.73617967,29.69567353,1043.158366,170.875238
11-02-2023 15:00,554.6562566,15.59064868,15.69286796,55.32026917,1007.209461,272.5267838
11-02-2023 16:00,668.6904404,12.04249595,-9.471643861,86.27788031,979.7611425,363.6246316
11-02-2023 17:00,980.862666,10.01644621,23.67582637,87.57700805,1049.711363,55.34888398
11-02-2023 18:00,0,24.65450779,11.18450893,65.45816727,1018.081709,336.8601765
11-02-2023 19:00,0,20.52809065,15.54261825,93.53583452,990.8436677,293.7158502
11-02-2023 20:00,0,10.87450495,0.705812171,55.00560939,1005.98368,149.1287755
11-02-2023 21:00,0,18.18231193,17.58911142,90.01324397,991.583405,388.8414833
11-02-2023 22:00,0,6.739042331,38.95766199,50.86587307,1038.830515,186.5574431
11-02-2023 23:00,0,2.504233156,-6.32776545,34.95025067,998.2499375,174.5874192
12-02-2023 00:00,0,8.810775639,4.195869983,92.47716263,1032.352838,262.048257
12-02-2023 01:00,0,10.07432,2.149879643,44.91415681,1034.01763,354.2673553
12-02-2023 02:00,0,0.413428114,2.427465538,55.3063698,1032.433234,467.9806891
12-02-2023 03:00,0,20.36980004,8.935317878,39.59745693,1022.218861,113.6107594
12-02-2023 04:00,0,8.97983506,30.90548924,69.65538403,1035.487772,228.4106543
12-02-2023 05:00,0,14.51045414,35.6429345,99.55281025,988.722958,80.14531663
12-02-2023 06:00,0,1.849079682,0.110754373,12.2962194,961.4663206,391.3478364
12-02-2023 07:00,595.8627653,4.374920719,17.1474969,90.98632054,1034.24542,251.4798004
12-02-2023 08:00,793.8481964,22.24234313,21.84494861,10.35334513,999.8168416,368.1181108
12-02-2023 09:00,816.3294297,15.2171882,16.09137372,42.7805093,962.7376033,194.9874908
12-02-2023 10:00,599.6947296,23.75710125,11.70381971,25.17461257,961.5312522,429.9427586
12-02-2023 11:00,444.1716241,24.96875086,-0.401224707,78.16076026,965.9242394,290.6726352
12-02-2023 12:00,978.9940656,9.296502883,14.41096796,14.55497567,1025.097326,474.6235198
12-02-2023 13:00,730.6900888,7.470076602,10.06074139,59.81364582,1021.085667,85.46658761
12-02-2023 14:00,526.5900155,21.45890138,29.77816813,36.54335205,970.381868,281.424571
12-02-2023 15:00,424.3705794,24.96528568,28.18021796,22.0303224,1034.692342,394.9048607
12-02-2023 16:00,784.8823864,15.74103086,-3.30006594,79.46363909,978.1294796,320.0686916
12-02-2023 17:00,393.7467565,19.87851806,-5.574047372,29.56751508,1029.298558,60.43736319
12-02-2023 18:00,0,19.54364647,35.40769716,30.13076908,998.8805908,487.5524053
12-02-2023 19:00,0,8.883492705,16.77541945,34.75691066,1023.154868,184.2186619
12-02-2023 20:00,0,14.35675951,32.89004686,62.80900874,988.1387663,162.1750399
12-02-2023 21:00,0,20.82642353,-7.092443972,69.36993385,984.7140597,268.546944
12-02-2023 22:00,0,17.20284691,16.32578083,11.58422713,1034.13596,293.9711484
12-02-2023 23:00,0,0.52909535,16.97132573,31.76826725,953.5302255,394.8296619
13-02-2023 00:00,0,8.417641722,33.03510163,48.78737583,1047.473695,226.9731459
13-02-2023 01:00,0,3.611892415,-5.119500089,39.87792569,1014.817956,247.9821694
13-02-2023 02:00,0,5.824305302,2.022278184,89.57535927,993.2483388,290.7319622
13-02-2023 03:00,0,22.63723694,10.32691569,80.89378578,1012.805453,227.4741949
13-02-2023 04:00,0,0.922332223,33.29207377,66.3301194,962.2740946,461.5466356
13-02-2023 05:00,0,5.495017799,36.94416575,40.42381744,1001.405246,433.063385
13-02-2023 06:00,0,7.739233806,39.63623098,73.06051104,1048.509552,254.7381628
13-02-2023 07:00,686.8572745,15.4221018,37.95967432,85.92742116,973.5269438,50.08768805
13-02-2023 08:00,976.7237692,13.35254225,-9.702912208,63.53473396,1022.22781,455.420523
13-02-2023 09:00,498.8845276,5.456737071,-7.614582927,80.60153202,993.4971376,105.951458
13-02-2023 10:00,745.16849,4.106026681,-2.619659042,77.41944653,1015.245815,160.0305868
13-02-2023 11:00,250.8285779,5.919950865,7.443104839,61.456358,970.4887229,118.562578
13-02-2023 12:00,516.9978775,12.56324067,31.49590155,38.09648951,997.0464983,130.9170065
13-02-2023 13:00,971.054129,6.779444643,34.63280977,77.12039422,1048.009271,411.2948921
13-02-2023 14:00,631.1846996,23.69006254,-0.658279685,28.61167297,969.5287151,310.7756487
13-02-2023 15:00,430.3036027,11.59663054,20.98320758,80.15395118,1013.644503,480.2428234
13-02-2023 16:00,296.2167705,1.469900414,35.86809925,82.40920229,1007.559775,154.1540805
13-02-2023 17:00,762.8226721,18.23166015,13.1865868,83.99303916,1006.505159,268.5357087
13-02-2023 18:00,0,8.221132205,-4.822821402,52.56243739,1011.512329,489.8427661
13-02-2023 19:00,0,16.3372233,12.8906825,27.3232691,1000.223797,421.8995814
13-02-2023 20:00,0,6.989859263,8.789745114,18.97512401,951.693075,377.8770556
13-02-2023 21:00,0,14.26859354,18.8828998,76.90251254,1040.009681,135.0388406
13-02-2023 22:00,0,19.30381262,11.93293422,89.76352461,1032.697883,396.2324304
13-02-2023 23:00,0,23.20021854,-9.132703657,68.5754523,967.4167681,206.4043052
14-02-2023 00:00,0,6.528178611,39.69988667,22.97440543,991.3273177,288.7416037
14-02-2023 01:00,0,8.371423775,17.17701189,94.14068037,1027.054898,324.1225459
14-02-2023 02:00,0,11.60666051,13.68153777,99.01918131,1048.006232,324.2136702
14-02-2023 03:00,0,23.17937094,37.73086858,49.00407489,1045.113705,376.9355624
14-02-2023 04:00,0,22.53467142,-2.206981621,63.53427603,1039.93592,347.7659417
14-02-2023 05:00,0,2.246957003,-0.538119873,79.9505668,965.8373897,80.76689569
14-02-2023 06:00,0,3.298245644,30.40073745,76.2750811,1041.447511,255.8061617
14-02-2023 07:00,345.0002044,12.38772943,3.041554001,97.10084727,1037.844491,348.809723
14-02-2023 08:00,769.606369,2.66548182,29.96135531,20.3394782,987.6949911,183.196842
14-02-2023 09:00,507.9669781,8.639521834,3.576674145,62.26523795,989.4522595,190.8755092
14-02-2023 10:00,521.8357425,3.709634455,-8.340618489,72.27382777,995.9908922,106.0553965
14-02-2023 11:00,826.632074,15.90100888,15.85073619,90.10885818,1015.617563,238.3767437
14-02-2023 12:00,970.2278464,23.73738579,-0.165678294,88.66986649,976.0835616,494.0736954
14-02-2023 13:00,301.3246983,24.91834426,27.89231465,98.01998142,952.2948429,178.3937126
14-02-2023 14:00,536.5041895,9.381028312,22.05998166,56.08706085,964.1229525,289.1466017
14-02-2023 15:00,584.7532865,14.97531593,36.1801334,84.76847801,994.0115908,384.4567638
14-02-2023 16:00,501.0494536,21.40669134,29.14941786,48.45535373,978.2002569,56.0737719
14-02-2023 17:00,490.551299,2.93655182,-0.961202258,48.00824901,1026.451656,455.1978018
14-02-2023 18:00,0,17.23911028,30.00791183,32.8013528,960.6690071,223.9475831
14-02-2023 19:00,0,10.22109154,22.08685224,83.64135583,1041.746523,441.102194
14-02-2023 20:00,0,5.153654007,23.44758209,98.72335952,1039.532718,67.5264465
14-02-2023 21:00,0,10.06884047,31.6131443,33.07075555,1040.875682,115.5485983
14-02-2023 22:00,0,1.899007174,18.69120346,15.05184292,1023.961,195.1382545
14-02-2023 23:00,0,17.38517871,13.30017572,83.39881937,960.6999971,205.4577979
15-02-2023 00:00,0,6.318566719,21.83205177,65.82070473,993.8137571,431.5074004
15-02-2023 01:00,0,7.785141126,4.897871448,96.37289205,963.1405372,55.04050192
15-02-2023 02:00,0,3.027032456,-0.870143446,32.70152972,1048.769919,338.5002994
15-02-2023 03:00,0,21.61647785,20.8293919,16.39248922,983.3038423,109.0905963
15-02-2023 04:00,0,12.33610698,1.692418454,54.31980348,1008.533054,420.4470428
15-02-2023 05:00,0,14.30367194,-6.004244533,17.69194207,1027.939305,400.3579697
15-02-2023 06:00,0,14.23581708,-9.972290771,33.5611001,1042.061608,274.9644623
15-02-2023 07:00,275.8147768,10.26232786,20.41597007,21.33800747,1025.554773,145.7092515
15-02-2023 08:00,205.4305392,4.813247886,8.107439174,30.17189617,1017.450378,335.5229259
15-02-2023 09:00,322.3545492,18.62831871,27.61554853,19.55301875,996.5981782,120.3162429
15-02-2023 10:00,255.192007,3.176406634,8.758819916,95.85153995,1010.540013,135.5107067
15-02-2023 11:00,996.6418942,2.596844757,14.30017241,35.07064421,959.4163809,332.010456
15-02-2023 12:00,431.047976,17.75362594,10.35424864,49.95078274,1038.392254,496.0528007
15-02-2023 13:00,319.4144101,5.220925511,22.52873956,90.87506269,1004.377731,450.9773768
15-02-2023 14:00,392.7970064,7.669318784,7.806958101,70.95894292,954.013505,316.898311
15-02-2023 15:00,948.9004572,11.88068668,38.1883825,65.62337325,1041.990213,292.3415459
15-02-2023 16:00,616.1281784,11.23378292,36.80734933,73.50068713,998.9301974,499.273196
15-02-2023 17:00,491.854477,17.71447813,32.40139513,84.59400314,1036.858914,296.3287164
15-02-2023 18:00,0,15.58579484,36.01501353,88.99023411,1035.688795,239.0524349
15-02-2023 19:00,0,16.10990406,12.45698442,67.83757036,1031.575159,459.2999911
15-02-2023 20:00,0,17.85135827,16.82151984,90.10065472,956.1403019,155.3829331
15-02-2023 21:00,0,7.315318186,27.10462963,58.18577747,974.7066645,93.88669563
15-02-2023 22:00,0,8.058332795,24.80729625,34.95617706,1037.554787,335.3405155
15-02-2023 23:00,0,10.9499437,34.53392978,89.2069038,1039.899106,93.1323352
16-02-2023 00:00,0,7.686554326,25.81655136,58.73255447,995.8068862,217.9168416
16-02-2023 01:00,0,24.62344672,39.89423541,91.55238288,994.0041468,240.6098235
16-02-2023 02:00,0,20.35129816,7.425289992,13.61510326,967.5140634,296.3921302
16-02-2023 03:00,0,4.116367206,31.64988711,45.77641764,1046.841079,496.2467956
16-02-2023 04:00,0,0.139853897,24.88174114,95.30245165,971.3138475,149.4417755
16-02-2023 05:00,0,1.069581706,24.56932226,32.46850835,969.0936784,219.0903703
16-02-2023 06:00,0,6.101586276,6.291779742,94.73826214,1016.072897,109.508056
16-02-2023 07:00,501.8015886,2.857282146,29.28008962,95.8512215,974.2844303,323.4260867
16-02-2023 08:00,731.259297,13.33345287,35.01880112,89.39280828,1043.877161,377.452932
16-02-2023 09:00,404.0697779,21.44988057,0.927423076,60.73012406,951.0906995,266.9345705
16-02-2023 10:00,301.6268608,18.41875552,21.27484186,68.22455042,950.5753262,160.6240707
16-02-2023 11:00,246.8292801,5.390226577,9.606741455,88.26552986,1000.48768,329.3997211
16-02-2023 12:00,444.3307988,9.982481401,39.47740596,79.83073742,998.806246,292.6209755
16-02-2023 13:00,326.1288214,12.69735524,13.94164079,66.70844645,966.3364022,127.0335755
16-02-2023 14:00,339.2083584,20.25514624,1.41600869,98.40334671,999.4519563,232.5568552
16-02-2023 15:00,808.6074467,20.97804008,9.092881261,71.71089727,991.1661105,245.8386912
16-02-2023 16:00,212.6704568,22.7429578,22.69191949,97.79337932,1039.032953,492.1779892
16-02-2023 17:00,646.2481006,12.73113126,-6.195531433,15.16496271,950.925392,432.1786245
16-02-2023 18:00,0,17.35686866,20.18009601,22.50643337,1047.626981,380.4668547
16-02-2023 19:00,0,2.795009281,36.56123796,50.63129614,1012.439276,449.9496615
16-02-2023 20:00,0,14.132224,32.51813938,44.63915148,965.1843446,380.9679826
16-02-2023 21:00,0,6.217295237,-6.616323167,80.44613572,954.6760014,456.5308348
16-02-2023 22:00,0,10.79292213,39.66949394,24.45526238,1003.810566,74.5489017
16-02-2023 23:00,0,15.85126271,24.93634619,97.84856612,973.4890166,255.2297942
17-02-2023 00:00,0,6.424648446,-1.885958784,38.35592877,980.1165537,386.1042509
17-02-2023 01:00,0,1.304626445,-9.379195542,48.6031337,974.5132165,312.4831085
17-02-2023 02:00,0,0.25584641,-1.435868185,34.72705292,1015.017231,128.8247739
17-02-2023 03:00,0,0.553988389,31.90879603,62.14272556,1005.352896,203.2214389
17-02-2023 04:00,0,0.208743438,-8.918033753,15.27658304,957.7974424,192.9984688
17-02-2023 05:00,0,2.758876414,1.657365181,23.4709755,1002.652653,167.6061109
17-02-2023 06:00,0,5.987217864,27.86527977,77.12179331,1029.118977,204.4109991
17-02-2023 07:00,300.6418691,5.530537855,19.30552679,26.78505251,958.1194591,281.6839798
17-02-2023 08:00,671.465316,24.66991485,29.13678552,31.19630064,1038.973898,434.6910612
17-02-2023 09:00,620.1126814,7.65015263,27.30752519,81.36840122,1007.830665,383.9146981
17-02-2023 10:00,362.3948474,3.185519584,-7.469930644,18.39710605,1045.062447,425.8623668
17-02-2023 11:00,561.4952357,13.6390636,34.62557095,49.37264405,964.8141218,447.6216851
17-02-2023 12:00,837.5580032,21.44893638,1.351591714,12.07570483,1049.3565,237.2677052
17-02-2023 13:00,672.3408825,16.95150942,17.66962201,41.21266594,1014.427287,205.7118278
17-02-2023 14:00,277.5338617,7.402052228,22.21440783,72.90832623,1006.74942,75.93052176
17-02-2023 15:00,638.4171978,14.04040399,-1.568589456,18.10929517,1001.527962,468.7212298
17-02-2023 16:00,762.1906394,17.87139936,38.81156284,89.95011641,952.3654373,79.62035807
17-02-2023 17:00,834.1627246,18.20261231,14.4077978,91.85491386,1043.963919,383.5109819
17-02-2023 18:00,0,16.66346138,-7.11786522,19.44913376,1014.399447,220.148737
17-02-2023 19:00,0,21.77026062,36.86310224,99.16591927,959.1626484,476.9513485
17-02-2023 20:00,0,21.75263646,19.31339216,36.77765981,952.095217,238.8209094
17-02-2023 21:00,0,14.47341399,24.9596599,17.5691504,955.0783639,417.4737581
17-02-2023 22:00,0,10.74640923,16.2587895,10.4560403,1010.939576,177.1946745
17-02-2023 23:00,0,16.03925739,31.73689774,46.76706062,1011.401541,184.5899228
18-02-2023 00:00,0,20.45530003,-8.34332689,66.68289871,999.9667292,317.9837344
18-02-2023 01:00,0,0.141302621,3.418918264,39.89613249,980.6765821,499.0921852
18-02-2023 02:00,0,24.79992523,13.48241782,85.30456289,1003.174273,282.9075881
18-02-2023 03:00,0,4.572344308,-6.169819184,74.4945648,1001.630182,471.3388864
18-02-2023 04:00,0,11.75622464,25.29533347,41.51453788,951.941556,403.8124227
18-02-2023 05:00,0,21.80074337,9.683170703,76.08786999,978.246923,408.1389414
18-02-2023 06:00,0,5.626009976,3.633399513,94.64389633,955.3185341,246.1819951
18-02-2023 07:00,982.8047735,11.9198806,-9.83105766,18.37863987,1040.015475,223.9440126
18-02-2023 08:00,208.5361016,3.314554505,25.99151559,37.54935641,1022.522316,136.3648136
18-02-2023 09:00,698.1930211,9.876908135,31.69046544,51.69933452,1049.611517,483.7735701
18-02-2023 10:00,530.2715182,4.42838637,9.752026784,54.8191115,980.2171263,481.7271256
18-02-2023 11:00,887.8835923,9.090693719,18.21089885,58.79760804,1037.848585,386.1804804
18-02-2023 12:00,401.4517616,9.33660542,1.384331296,37.05642159,1010.305427,183.3136024
18-02-2023 13:00,984.8235913,24.82926974,21.10988231,70.05336814,995.3125407,160.3307932
18-02-2023 14:00,690.9663756,24.87032573,-9.393127084,68.05760532,972.2573111,494.8746091
18-02-2023 15:00,834.8299218,2.869656967,14.43219485,62.00393556,1023.839217,79.9442668
18-02-2023 16:00,268.4796423,18.14921948,22.21027409,20.23855495,1040.414075,429.6039315
18-02-2023 17:00,346.7663078,1.293636992,35.90958866,52.9271102,973.5308398,209.9561002
18-02-2023 18:00,0,0.754800383,9.066790856,42.06041987,967.5390335,238.4913739
18-02-2023 19:00,0,2.633347356,28.25951015,54.19346229,1019.622192,424.3899419
18-02-2023 20:00,0,24.13714143,19.8843515,92.9679792,1047.697316,90.7713572
18-02-2023 21:00,0,23.5215887,36.35060565,53.24782088,1024.99551,209.3763553
18-02-2023 22:00,0,4.848195507,9.918883783,11.25827127,978.4580739,478.4109247
18-02-2023 23:00,0,4.041808389,5.954766994,49.49530643,991.9955424,364.5796607
19-02-2023 00:00,0,6.013377163,34.35709993,83.8583362,988.4317635,389.7226242
19-02-2023 01:00,0,12.88867485,-7.53777993,80.20548309,1035.209502,390.8773854
19-02-2023 02:00,0,14.2426158,-3.180730353,56.20510662,1027.137078,77.25653742
19-02-2023 03:00,0,5.539835761,-5.879778271,32.47921116,1008.897543,141.443417
19-02-2023 04:00,0,18.9155697,32.15549783,51.85797966,977.495911,271.0684652
19-02-2023 05:00,0,7.738829235,-9.469628831,60.73319975,1043.798853,215.6676046
19-02-2023 06:00,0,23.05328314,33.08285777,99.98842944,1015.331522,234.9105319
19-02-2023 07:00,793.7608073,16.41806766,12.56338977,67.97602812,1047.047665,401.6513204
19-02-2023 08:00,607.788408,10.90877986,-9.798736057,72.48384371,1008.011703,56.60565578
19-02-2023 09:00,537.956632,19.74780004,10.08225886,54.23087292,1032.119276,347.2213668
19-02-2023 10:00,518.4697426,20.44786565,-0.659957948,41.90405957,1031.310538,50.04960431
19-02-2023 11:00,221.1575221,7.26204014,21.22002437,83.16576853,983.7328777,78.37633651
19-02-2023 12:00,468.4457614,8.492863596,23.9679395,54.54390919,1046.402072,233.7287539
19-02-2023 13:00,980.816126,23.39887884,14.37637852,99.5221117,952.1941468,428.4268339
19-02-2023 14:00,898.844461,4.118525959,-7.974023728,51.14085168,1026.871091,115.2480945
19-02-2023 15:00,463.5024536,1.053760424,22.80644022,16.12002553,1046.555709,299.5796341
19-02-2023 16:00,670.2363241,11.35138307,32.10193918,71.43203234,983.8908203,355.3273521
19-02-2023 17:00,877.8373964,20.03024751,26.01621387,14.19773058,1014.811059,153.2897979
19-02-2023 18:00,0,19.29170266,31.49789595,32.54514372,1006.222325,280.5486149
19-02-2023 19:00,0,22.98826572,0.025476178,41.83644275,1026.150731,460.1332774
19-02-2023 20:00,0,13.33001661,34.44439698,76.55352271,1036.617792,280.5028364
19-02-2023 21:00,0,2.501616789,6.109672532,54.48123338,1010.304457,120.7953778
19-02-2023 22:00,0,14.71722436,-9.329759287,12.57813382,1031.590459,332.5164335
19-02-2023 23:00,0,19.45989036,32.16958232,65.51648661,981.2285576,316.490081
20-02-2023 00:00,0,2.333203007,37.09106345,47.02926137,972.8587059,62.12964191
20-02-2023 01:00,0,4.316435027,22.77790987,92.9651059,993.066769,90.76748259
20-02-2023 02:00,0,0.307266529,1.571831523,54.960608,1017.77366,120.5516098
20-02-2023 03:00,0,14.84131449,2.587223214,73.80776313,968.7246949,111.3300849
20-02-2023 04:00,0,22.1683598,13.32964367,29.69816431,1018.035219,166.7595968
20-02-2023 05:00,0,16.7665829,34.89155398,78.48762081,989.4093649,254.3473955
20-02-2023 06:00,0,24.55100219,-2.520117193,74.88597794,1029.557527,217.2723341
20-02-2023 07:00,862.8242077,1.575841312,31.29868348,91.36735377,953.6835817,450.7924511
20-02-2023 08:00,830.6201665,22.57502713,4.565140435,13.04394775,1016.798264,325.4492342
20-02-2023 09:00,407.2281153,20.35170718,30.42930847,50.27506279,1014.982234,444.2649575
20-02-2023 10:00,766.941376,7.856038012,36.01355988,71.12398625,1044.093548,287.1676962
20-02-2023 11:00,371.8836851,24.3381638,11.3746936,18.56475101,1021.336755,90.44171181
20-02-2023 12:00,232.2641288,7.198443704,8.252532705,46.95436604,1029.63019,258.4793521
20-02-2023 13:00,360.9092341,22.2326181,30.11106595,94.79319428,1040.459102,419.9146461
20-02-2023 14:00,342.9031014,22.01871443,16.47414412,49.23410418,1017.505192,137.3466952
20-02-2023 15:00,470.1983974,18.94144042,24.22245242,98.68643051,979.0153635,91.04642544
20-02-2023 16:00,534.7595977,14.08676185,21.14146185,15.1155155,1036.97738,198.2456323
20-02-2023 17:00,606.8311132,3.00006874,-2.355557718,74.60467985,1024.757812,225.0040238
20-02-2023 18:00,0,13.29929336,32.23951801,62.29146126,992.4437604,187.8159544
20-02-2023 19:00,0,8.919906391,-0.211244429,55.04857094,1021.052917,110.8583535
20-02-2023 20:00,0,19.80542583,36.6141072,97.37626613,1036.768888,162.8779369
20-02-2023 21:00,0,18.95323016,2.528564571,21.66853604,1047.565213,357.0270821
20-02-2023 22:00,0,22.76531268,26.69404866,90.63990565,1045.23515,223.6678323
20-02-2023 23:00,0,0.370754061,4.232769675,72.211637,982.5327827,334.6472501
21-02-2023 00:00,0,20.22758042,5.889270429,33.3096466,992.1693714,291.336701
21-02-2023 01:00,0,23.46155133,5.500092639,91.15022311,960.9536605,297.0738229
21-02-2023 02:00,0,19.73251123,27.3946127,48.63654261,974.7544287,161.8473011
21-02-2023 03:00,0,3.254861497,17.8407559,83.28045953,1038.242121,284.6943647
21-02-2023 04:00,0,2.031977621,34.14762279,44.99528653,986.0849926,60.61762124
21-02-2023 05:00,0,0.521130995,5.36863596,86.58377447,1012.055266,244.284684
21-02-2023 06:00,0,15.71863065,24.5996261,67.29662066,1016.596562,307.6802704
21-02-2023 07:00,552.9837353,15.7418163,27.64742998,22.69419702,1028.182928,131.8980296
21-02-2023 08:00,252.0006312,24.67284286,-2.425894349,68.46968471,968.280003,165.4513278
21-02-2023 09:00,860.2467219,9.951079353,10.02946787,27.22102864,980.4813135,148.7889589
21-02-2023 10:00,300.7525128,8.297657122,14.14087472,47.07303651,994.8336341,81.75107987
21-02-2023 11:00,922.4780056,15.61062318,7.784369495,25.32660258,986.4841061,206.5357945
21-02-2023 12:00,891.3844818,20.64021681,6.105629798,11.98145041,1048.290523,490.5345949
21-02-2023 13:00,571.6662116,23.41934874,24.3209947,29.06978855,1033.49408,209.2461829
21-02-2023 14:00,795.4945634,20.07810415,0.793319883,58.27348214,997.9686755,257.2414798
21-02-2023 15:00,695.5560591,10.66684952,25.46953726,53.3404871,1037.926863,343.8892629
21-02-2023 16:00,842.4605139,15.87285588,36.75220982,55.1347386,984.7652948,341.823988
21-02-2023 17:00,545.4440806,21.40748317,18.25987606,32.29181906,1028.582832,477.452741
21-02-2023 18:00,0,12.26524221,20.57171184,71.66450806,972.3675598,435.9038632
21-02-2023 19:00,0,5.417166093,-6.553364894,73.38369581,1027.232205,407.2778092
21-02-2023 20:00,0,4.243085994,33.22384518,42.2171043,995.6453403,478.2322516
21-02-2023 21:00,0,0.003943614,4.27238936,89.30530796,960.7499321,153.8444235
21-02-2023 22:00,0,17.95594987,20.75255828,67.9620895,977.3262455,327.6743876
21-02-2023 23:00,0,2.777430221,38.95560849,74.17353477,990.2274624,449.238545
22-02-2023 00:00,0,6.095977492,19.77513003,34.96059261,1024.929291,330.8621712
22-02-2023 01:00,0,7.446908288,26.23547437,10.05504716,957.2982715,489.8392136
22-02-2023 02:00,0,14.0094965,12.26598091,87.88380509,1015.9547,95.15872126
22-02-2023 03:00,0,9.948931932,-6.981707824,84.01819461,1021.601364,247.6987263
22-02-2023 04:00,0,16.8668498,29.87996747,21.08726992,1015.392137,489.8133086
22-02-2023 05:00,0,1.390966483,-8.250057937,43.66946215,1026.066964,220.8056129
22-02-2023 06:00,0,3.098479857,25.03289144,69.52053775,967.8168616,382.8003688
22-02-2023 07:00,226.2603991,12.48028759,-8.853921343,68.68997715,1008.710336,63.68130549
22-02-2023 08:00,574.2875701,8.424119696,33.11526183,87.43153013,1044.114495,362.6767016
22-02-2023 09:00,717.2969069,7.395334069,-2.118198208,22.62413455,1011.078427,470.5820296
22-02-2023 10:00,864.0261469,1.675701976,15.71357477,48.6945773,1011.133635,222.2178283
22-02-2023 11:00,239.4189229,22.39297937,19.85753522,18.75019761,1023.643964,59.58492707
22-02-2023 12:00,881.9511085,17.29546465,12.87727037,45.06357236,983.3204232,62.55941198
22-02-2023 13:00,638.7207494,3.04045392,7.038174467,11.3596701,1020.04759,451.4104876
22-02-2023 14:00,357.8511765,1.626148943,13.39071481,90.84457586,1041.623383,375.1322482
22-02-2023 15:00,453.8041732,24.37181334,5.570787694,57.43395971,951.0895473,98.0088729
22-02-2023 16:00,425.5436414,17.02931376,11.90611735,86.48220347,1037.011304,74.56562467
22-02-2023 17:00,624.6872274,10.43640178,7.94564955,15.39142309,971.8618331,412.1714136
22-02-2023 18:00,0,17.54327602,18.31024118,30.47122994,995.5923274,414.4372848
22-02-2023 19:00,0,18.90829466,1.896208112,33.34419957,1035.23478,104.2348279
22-02-2023 20:00,0,19.49905506,39.43282775,44.80223452,1032.391213,185.6841817
22-02-2023 21:00,0,11.94693264,15.04349767,82.25797352,1039.192748,401.0117291
22-02-2023 22:00,0,10.74706895,-0.291896129,44.79020864,1044.041679,286.4354319
22-02-2023 23:00,0,0.275702107,13.85333748,28.41881767,994.7156957,480.4631873
23-02-2023 00:00,0,23.16392788,33.32075648,15.84912343,1015.636381,266.4781904
23-02-2023 01:00,0,15.08269696,-8.909660344,17.15425735,989.0478441,354.6310719
23-02-2023 02:00,0,5.07884843,23.97770596,78.40424854,985.0716717,279.4025146
23-02-2023 03:00,0,22.99008549,17.39838984,50.03226919,993.1595411,474.3344731
23-02-2023 04:00,0,22.87329754,-1.522100281,75.35630098,1024.307613,229.3965914
23-02-2023 05:00,0,24.72960411,30.87382197,71.40584096,1000.144075,153.4084048
23-02-2023 06:00,0,21.85141408,8.444231119,22.18262156,1031.405967,196.9852371
23-02-2023 07:00,549.6269804,24.9446097,4.690101441,22.85991408,1024.521848,433.7488419
23-02-2023 08:00,517.5115145,6.117154703,31.40625959,77.98078139,952.0478461,274.0723536
23-02-2023 09:00,794.8354157,21.05623963,21.92625231,74.91414641,1013.023816,209.4135366
23-02-2023 10:00,664.5897118,20.57570772,34.91295418,44.02276902,993.6571123,294.9170098
23-02-2023 11:00,510.5064648,5.773508981,21.49418518,16.9680037,995.6628989,109.9533683
23-02-2023 12:00,336.6082268,2.460938725,27.0408829,11.08882195,1031.837305,52.41168708
23-02-2023 13:00,381.4696819,24.48551284,31.82229481,35.93412545,1004.760799,176.2631077
23-02-2023 14:00,660.4008148,7.400613788,-7.263018205,10.83000462,1038.562182,322.2525739
23-02-2023 15:00,538.7510439,21.77229476,28.80244794,30.7065359,1021.280559,370.2563463
23-02-2023 16:00,611.9420071,0.103178867,20.68532409,47.75506662,1005.284001,421.9749349
23-02-2023 17:00,336.5419482,0.52562018,-6.524610174,20.92741888,1025.453798,466.9986017
23-02-2023 18:00,0,11.64678272,15.42889609,19.3849982,953.8349051,235.4505561
23-02-2023 19:00,0,5.967867098,-5.877096101,90.67936921,952.7083655,383.2325598
23-02-2023 20:00,0,17.24603209,26.79736009,62.69230261,958.3349327,83.60281859
23-02-2023 21:00,0,14.13910814,17.32508569,94.10101181,993.7565325,75.88849945
23-02-2023 22:00,0,1.937144936,37.67867687,41.12435474,973.5450146,106.1590964
23-02-2023 23:00,0,4.065707408,-0.843231421,70.94304436,1048.426129,251.856094
24-02-2023 00:00,0,9.701231751,20.30167263,28.42225072,1004.229014,145.0766473
24-02-2023 01:00,0,4.640101599,0.579106729,65.65062856,1016.241575,179.1162239
24-02-2023 02:00,0,19.80555868,20.70324924,21.6627157,977.8820136,341.5460781
24-02-2023 03:00,0,10.40175589,26.13248512,10.18725753,982.1796909,211.3349805
24-02-2023 04:00,0,2.335796671,26.11521647,93.83786213,983.5461914,300.817201
24-02-2023 05:00,0,12.10857256,30.75369953,59.94049386,1019.873571,235.5816905
24-02-2023 06:00,0,2.270954527,32.6775114,93.42465965,997.3706208,126.036165
24-02-2023 07:00,763.2834886,3.223432635,-6.136413687,40.04483713,1001.768365,83.30899562
24-02-2023 08:00,671.7832289,5.990245801,7.163357854,39.50074622,1009.200298,156.3041729
24-02-2023 09:00,559.9302249,21.48819263,24.35612602,46.05895016,1026.881166,75.96521127
24-02-2023 10:00,886.6987038,23.11531331,14.92931437,73.54368856,959.0369749,328.375382
24-02-2023 11:00,965.468534,20.65644323,-0.466202662,60.92277708,1027.687391,408.0729207
24-02-2023 12:00,599.2289383,8.351930435,17.63547851,93.28194164,1006.323507,202.8833457
24-02-2023 13:00,945.2280393,6.811161028,10.37178264,12.2896811,1016.909544,224.1999749
24-02-2023 14:00,666.666328,13.72889227,9.501913883,73.73763442,982.7551765,417.2859782
24-02-2023 15:00,630.7073495,18.04632901,30.48768587,39.72949204,990.9386837,150.1758106
24-02-2023 16:00,563.5861864,24.8343197,10.37991669,26.22102866,973.116582,103.6221193
24-02-2023 17:00,367.4302092,3.289267797,-8.677274726,55.93560603,1047.93,275.5031528
24-02-2023 18:00,0,1.232299976,-7.096833055,55.45574058,999.7002973,340.7855763
24-02-2023 19:00,0,17.35889722,32.81220208,22.33099258,1049.607692,319.8444913
24-02-2023 20:00,0,20.80564459,38.0300405,28.17064505,998.9785978,371.2428704
24-02-2023 21:00,0,21.1587195,24.42046682,46.73481984,971.9751264,75.53803198
24-02-2023 22:00,0,16.96158873,8.218414705,46.79302712,1000.74524,242.6907257
24-02-2023 23:00,0,23.8503951,36.93001579,38.58023257,953.9595572,157.3567358
25-02-2023 00:00,0,12.77511909,23.14015432,23.36906364,1040.47698,391.6045668
25-02-2023 01:00,0,22.84536996,32.21667746,10.39363112,1031.855025,442.7287178
25-02-2023 02:00,0,24.19530342,28.2926152,97.32115562,1022.582052,176.6010834
25-02-2023 03:00,0,21.17893643,8.956965789,94.91493067,1010.982672,92.84813558
25-02-2023 04:00,0,7.743964081,13.93511004,53.52853413,1007.983423,164.0425829
25-02-2023 05:00,0,4.905391279,-0.693392282,99.55465779,1049.672821,96.80382008
25-02-2023 06:00,0,13.70300162,4.600705022,70.62888977,977.7997434,195.0899748
25-02-2023 07:00,319.8902391,11.32536876,28.90628306,16.19717838,1027.968437,292.1893602
25-02-2023 08:00,657.4630169,21.94395855,34.69891959,20.59463792,1008.140477,488.1564295
25-02-2023 09:00,402.9139795,2.500791777,26.22302116,92.44997595,1047.588054,229.7166145
25-02-2023 10:00,382.4494535,6.443501533,13.25868483,66.70469819,1032.780318,149.0179657
25-02-2023 11:00,209.2208112,18.79497361,-5.674536553,85.8865264,1049.852511,125.0607832
25-02-2023 12:00,304.2725789,2.374666124,-7.152602565,90.84426847,1008.832499,127.8678948
25-02-2023 13:00,447.4144892,8.019110351,8.716278231,50.31478102,970.4543958,136.6689575
25-02-2023 14:00,293.5030085,9.678884851,13.19108594,14.36733564,1000.368704,393.0201601
25-02-2023 15:00,988.6867523,15.56484491,20.45603111,26.9452314,1021.111113,77.46247014
25-02-2023 16:00,446.9061188,3.953316143,-9.675523931,15.99147526,1027.436039,498.8312181
25-02-2023 17:00,304.2591574,21.51511226,39.48614452,26.98658611,950.0509989,285.208876
25-02-2023 18:00,0,11.18855589,8.19694417,46.94796338,1000.502709,294.9223524
25-02-2023 19:00,0,22.9255428,32.40473319,20.63771295,973.523458,210.9037454
25-02-2023 20:00,0,11.69674784,16.74833528,25.0059923,1037.491183,360.6149117
25-02-2023 21:00,0,6.876006474,-3.478027273,50.12396039,965.2905444,262.1553534
25-02-2023 22:00,0,3.545720717,29.87827763,40.61538553,1016.645625,198.0775782
25-02-2023 23:00,0,0.093627368,25.49135375,52.08923118,976.606219,169.3122817
26-02-2023 00:00,0,13.30393712,16.37180425,48.6254825,985.6542143,466.5430431
26-02-2023 01:00,0,2.678917423,15.72765457,68.00302234,1044.055926,180.9452818
26-02-2023 02:00,0,9.793194091,-5.626019712,94.3470594,974.0448125,246.3769667
26-02-2023 03:00,0,14.73179403,22.79244743,19.70779046,959.5002762,207.653631
26-02-2023 04:00,0,6.892147423,35.56225779,18.93341344,956.9284901,88.78047234
26-02-2023 05:00,0,4.380607309,-5.337754039,86.75255,1000.461511,133.6704775
26-02-2023 06:00,0,19.36804057,3.175572532,55.57570342,1014.171148,135.2758889
26-02-2023 07:00,532.9736248,23.66977931,35.11539867,78.97645212,982.7293644,362.1422815
26-02-2023 08:00,343.7274312,2.511010447,4.217195491,29.38797132,1019.025974,232.9634345
26-02-2023 09:00,751.2872652,3.88975811,22.69718361,84.59763159,956.1033719,401.8854034
26-02-2023 10:00,652.0578264,24.00031643,16.74090825,93.14619618,1035.733464,369.027916
26-02-2023 11:00,886.9376439,0.944605545,19.81638025,67.1934714,1031.656721,136.4223949
26-02-2023 12:00,293.9807191,24.44080841,10.78944508,19.52911193,1048.549627,303.3126141
26-02-2023 13:00,828.5332816,0.116112077,4.999573528,90.57653327,1043.650498,384.3089807
26-02-2023 14:00,738.8134295,21.84171639,-7.573327464,81.32389546,985.6197164,334.8693156
26-02-2023 15:00,292.0087495,7.683129525,27.21404696,77.57899989,989.9275384,320.0074286
26-02-2023 16:00,755.8565839,23.46472145,27.30467311,13.305537,1024.596485,382.8248993
26-02-2023 17:00,553.2378311,7.923632216,23.536287,81.90662727,963.4082772,75.55133267
26-02-2023 18:00,0,16.35765804,22.18168941,22.41559094,981.401471,379.1398763
26-02-2023 19:00,0,2.000814244,2.185856608,30.01475586,961.8540937,172.6948684
26-02-2023 20:00,0,6.058245286,-8.882753312,61.94213514,995.4886449,307.3425145
26-02-2023 21:00,0,19.34198366,30.43576984,33.84826956,1005.200428,159.0372476
26-02-2023 22:00,0,13.21714634,14.55692678,69.52133857,971.116047,427.4679075
26-02-2023 23:00,0,23.19922654,5.341906535,64.72634029,952.6631687,266.2517094
27-02-2023 00:00,0,10.71878521,-4.903404661,19.73346382,1021.935583,339.3235454
27-02-2023 01:00,0,21.74530915,-6.863920455,69.04131216,952.0005164,407.3369196
27-02-2023 02:00,0,11.22388594,7.44333609,93.15594188,1047.340261,452.8918648
27-02-2023 03:00,0,24.48120697,30.23685324,24.49989147,972.1607257,379.4279437
27-02-2023 04:00,0,23.99585953,35.93618747,63.73558188,1016.390009,116.9458593
27-02-2023 05:00,0,8.228417639,34.83756823,40.76788347,993.4751726,434.5395663
27-02-2023 06:00,0,22.14809176,36.00004174,51.36505046,955.967386,328.3600621
27-02-2023 07:00,616.1445893,21.19028436,35.38626716,35.83001612,997.2183607,324.2523913
27-02-2023 08:00,435.9449086,5.267009933,16.36123758,41.87175727,1001.676063,464.6032519
27-02-2023 09:00,212.2118717,15.60726002,0.970781928,12.60206409,1035.468321,161.9742
27-02-2023 10:00,376.1033954,1.81705789,29.90232914,98.33965641,1023.234907,157.8144283
27-02-2023 11:00,425.5495075,20.91776801,0.685648743,66.23199299,957.9302475,280.9370996
27-02-2023 12:00,554.8797611,4.363647088,3.360363838,55.06350314,970.9162683,387.8883799
27-02-2023 13:00,336.8819827,1.770367535,1.662716091,44.53438146,981.1887684,251.2583187
27-02-2023 14:00,898.6034854,10.00547739,15.74912018,58.54371029,961.6407686,335.2511255
27-02-2023 15:00,763.9289062,14.42305346,6.091375408,44.20953988,995.6899071,253.6361259
27-02-2023 16:00,268.160382,21.37292396,-2.292197519,42.39171347,1048.430919,324.6742312
27-02-2023 17:00,720.0739609,24.35606314,12.65867059,51.75518875,1001.461279,420.0180362
27-02-2023 18:00,0,10.98731281,33.69536194,34.83847303,1024.188217,131.2145132
27-02-2023 19:00,0,1.511173075,18.52764275,26.204491,1018.29378,362.9203403
27-02-2023 20:00,0,18.72788948,33.91678029,60.09453084,1034.991144,404.3415827
27-02-2023 21:00,0,14.12933141,-0.206390746,85.84888925,971.572349,251.2001334
27-02-2023 22:00,0,11.19728362,-1.651306316,23.754536,1025.382626,195.4551097
27-02-2023 23:00,0,7.73172197,18.77885628,12.94609065,1038.135524,56.09494577
28-02-2023 00:00,0,12.5599632,13.16644508,32.21305706,967.1509823,408.6972601
28-02-2023 01:00,0,8.466990111,23.00863208,98.17485791,984.680222,197.5723966
28-02-2023 02:00,0,18.92529669,29.73133955,84.58822664,1047.010176,210.7892612
28-02-2023 03:00,0,13.59734241,27.56536478,63.62794482,1028.078785,201.2027734
28-02-2023 04:00,0,21.92119435,37.11305868,93.63240237,978.2590833,274.4326989
28-02-2023 05:00,0,13.58859787,9.912820458,50.07512052,1006.394177,366.1248079
28-02-2023 06:00,0,5.956560333,0.319337112,98.49525423,990.4326123,397.338409
28-02-2023 07:00,308.0305093,21.27729706,17.545632,36.66718406,998.9965176,226.6568242
28-02-2023 08:00,574.9213096,13.93047612,-4.46284399,31.62751746,985.5166191,348.3959158
28-02-2023 09:00,950.8625917,5.171025954,4.442556167,67.4243381,977.9331019,374.3079126
28-02-2023 10:00,348.6656445,15.58769525,0.394402763,44.03385712,1017.476304,183.6127993
28-02-2023 11:00,982.394739,8.942919124,9.82818584,66.37289878,1027.854182,93.47966129
28-02-2023 12:00,995.4303886,21.11014031,-4.43917125,37.44959665,1037.395712,452.5995743
28-02-2023 13:00,644.4937237,11.33249347,-8.407912773,65.61264312,965.5329967,354.7021873
28-02-2023 14:00,336.1141921,18.16103395,22.83970023,34.81716345,1032.285552,341.649684
28-02-2023 15:00,452.8839104,2.388405191,20.51244891,14.58748619,975.4800824,76.50613185
28-02-2023 16:00,539.5942661,9.900608658,25.4179468,92.09223117,992.733639,418.0428759
28-02-2023 17:00,447.4593795,24.58103591,23.01932201,89.48846817,1040.144369,304.7243702
28-02-2023 18:00,0,20.21150724,-4.285265943,97.37183343,995.4503601,431.5479878
28-02-2023 19:00,0,3.998520059,4.553944069,74.48744586,969.7063534,488.5525327
28-02-2023 20:00,0,6.944101237,-3.523669505,71.444906,965.9868655,480.6951444
28-02-2023 21:00,0,8.245395221,32.1486201,60.31027631,997.2983767,435.2402059
28-02-2023 22:00,0,16.25913901,27.34518277,21.33481747,1026.267242,54.92631822
28-02-2023 23:00,0,18.92486899,0.076350146,27.03117799,1049.720514,448.5772437
01-03-2023 00:00,0,18.73816522,7.065462024,36.05227198,1028.740863,83.77804122
01-03-2023 01:00,0,12.74685141,38.33074961,90.11407263,1037.701196,433.0372866
01-03-2023 02:00,0,20.27051345,19.70796789,25.56725721,1024.783236,176.0783309
01-03-2023 03:00,0,10.92695207,30.05777987,93.0585857,1039.54351,324.5307523
01-03-2023 04:00,0,3.097014132,3.229551738,57.05071597,957.6293543,67.13070402
01-03-2023 05:00,0,14.11104604,0.502646009,74.40126719,1042.99316,397.0317633
01-03-2023 06:00,455.453504,23.80753462,29.19584644,19.9220038,989.6406154,100.267755
01-03-2023 07:00,401.7619217,19.82484128,24.29362276,34.21301939,1042.161422,234.8096773
01-03-2023 08:00,964.73504,14.46751619,24.04889646,96.26667474,957.5732837,417.850701
01-03-2023 09:00,938.6396066,16.17014151,17.63172909,33.95349522,1021.524296,362.9070484
01-03-2023 10:00,565.8532879,23.26405068,18.17891714,36.68695484,1023.568875,52.71921359
01-03-2023 11:00,876.9550929,10.70856986,26.78487527,27.78376464,1049.691089,231.3645505
01-03-2023 12:00,561.8587821,8.284853474,3.500124056,21.61662988,1026.885527,68.86738263
01-03-2023 13:00,539.5112145,24.43103913,7.638423293,30.99318773,988.2573706,353.0749374
01-03-2023 14:00,325.4103581,21.58607834,33.58183853,67.80942028,1005.724855,486.0268213
01-03-2023 15:00,541.1248452,8.076089615,5.443260051,50.98309602,986.6550938,344.867568
01-03-2023 16:00,629.9335509,11.59451493,17.31547857,59.83802527,969.6018645,150.967594
01-03-2023 17:00,218.0034619,10.37695323,25.1319732,21.01283459,974.8502328,209.8548644
01-03-2023 18:00,555.2904041,3.727391967,39.99624134,82.19048024,972.2010534,489.49275
01-03-2023 19:00,0,23.9454831,11.76456657,80.56852305,1004.881533,150.8235854
01-03-2023 20:00,0,10.10781078,11.40464383,11.943092,1040.616063,302.6880829
01-03-2023 21:00,0,21.88322707,32.12941897,44.51635851,1041.272663,230.2042139
01-03-2023 22:00,0,4.733905692,30.27515556,16.18935418,955.4763778,395.7418841
01-03-2023 23:00,0,13.69677027,26.55379409,81.28952015,957.9899401,440.3251724
02-03-2023 00:00,0,0.599034628,13.16148187,76.35427148,974.5119057,203.3767735
02-03-2023 01:00,0,19.1055121,6.196956008,91.17892849,975.5059452,347.1783637
02-03-2023 02:00,0,14.52284746,20.43652413,31.27635631,959.4889175,297.0714639
02-03-2023 03:00,0,15.63973959,33.81116466,51.06662948,988.8463341,175.3000205
02-03-2023 04:00,0,1.293022064,34.18887291,26.60390894,1008.772539,172.3733613
02-03-2023 05:00,0,5.275958255,-4.575082746,43.4111441,1007.81622,292.3842414
02-03-2023 06:00,576.6099139,1.858271809,11.41751419,57.00189264,1004.342968,119.3012931
02-03-2023 07:00,902.4921576,7.222857895,13.23609781,14.79977109,983.8671925,414.8644534
02-03-2023 08:00,668.6816979,15.68597519,38.88076838,74.33833696,1020.645569,81.05217764
02-03-2023 09:00,739.3536933,14.15464961,23.89990076,58.89640243,1032.648394,92.55851879
02-03-2023 10:00,843.4089235,15.30374554,10.36232086,84.60631155,984.6274266,204.001839
02-03-2023 11:00,727.3244357,13.73128178,-8.697105701,34.46024511,958.5535359,103.1412912
02-03-2023 12:00,518.4438725,6.825719892,18.269258,91.29889947,979.6330251,264.0650096
02-03-2023 13:00,610.9067071,6.112687434,-5.196201218,99.88248277,963.7368655,229.8541507
02-03-2023 14:00,842.4364197,3.426492088,31.72249787,92.73685945,996.7358727,374.8144081
02-03-2023 15:00,498.9202371,21.22677187,27.62593303,80.01032282,965.5935151,478.8518698
02-03-2023 16:00,510.4971654,15.41198396,13.025458,83.11319226,996.2844758,389.1013631
02-03-2023 17:00,276.5520928,4.662775313,11.46053898,61.63698183,972.1002892,130.7518983
02-03-2023 18:00,931.6675482,4.430234496,34.86694828,27.11384766,1023.873111,470.9845785
02-03-2023 19:00,0,21.82589004,4.422917521,70.93366166,952.7568241,226.4600446
02-03-2023 20:00,0,18.56827159,2.450998105,74.14777019,1005.47463,263.3852124
02-03-2023 21:00,0,16.484977,36.95987164,98.68466262,966.9488275,239.7093068
02-03-2023 22:00,0,10.17160269,30.46229184,58.71711846,950.0991864,176.2461605
02-03-2023 23:00,0,6.549389107,31.03127965,34.42321135,1036.920009,452.7699295
03-03-2023 00:00,0,24.48626908,-0.240309286,71.53052696,1017.152779,199.5074897
03-03-2023 01:00,0,19.93098938,-2.835200428,98.14382377,959.8942822,310.3684114
03-03-2023 02:00,0,7.544480578,-8.698522509,25.94925174,1016.407237,158.015113
03-03-2023 03:00,0,21.18911991,1.852075446,39.33981267,1011.164733,408.8189186
03-03-2023 04:00,0,18.97329872,28.70952459,58.76928584,997.3356687,398.3893968
03-03-2023 05:00,0,7.427013747,2.001920938,25.31931714,991.9258098,183.3404623
03-03-2023 06:00,724.9168735,10.66382136,26.45516418,11.99985756,1038.706976,356.6993329
03-03-2023 07:00,905.4838407,4.648836135,2.595413268,40.32848102,974.514802,366.7430899
03-03-2023 08:00,588.2245737,2.776311109,9.764624898,87.88337214,989.8310057,303.1301372
03-03-2023 09:00,633.6266761,18.06905082,39.1581145,13.91215594,982.9115413,320.269272
03-03-2023 10:00,935.2306216,6.687796434,2.240586564,48.60361531,1027.120103,308.5045872
03-03-2023 11:00,919.9276347,20.50148414,8.818531365,78.59806956,1041.646531,86.8389818
03-03-2023 12:00,558.5286987,24.89021779,5.054359023,95.78643372,1034.97817,351.6194051
03-03-2023 13:00,419.5301053,1.915495348,-4.518750683,98.69278591,1029.770393,261.3987544
03-03-2023 14:00,514.5363477,11.82587813,14.49470711,47.97724425,1048.678995,247.3057762
03-03-2023 15:00,510.2114628,20.05156398,8.934533167,95.53458649,1019.714455,436.9996485
03-03-2023 16:00,429.4935,19.72377241,24.74435429,13.1877076,1025.105379,60.45202106
03-03-2023 17:00,414.8636835,18.99992896,30.87972735,77.13252442,1048.280254,163.0917131
03-03-2023 18:00,888.8503492,8.724873383,17.21248572,67.84714312,950.6990785,104.6315749
03-03-2023 19:00,0,11.34633139,-8.390178896,32.45696718,1013.404838,65.90347007
03-03-2023 20:00,0,14.87420893,20.94611781,55.65866506,1023.897153,174.054649
03-03-2023 21:00,0,24.34851459,-7.230463499,21.6598364,1041.782705,494.8143228
03-03-2023 22:00,0,8.188681773,20.81781618,88.44374359,1038.38443,171.6031279
03-03-2023 23:00,0,23.07859719,24.25149746,42.2108277,1034.196068,348.6676189
04-03-2023 00:00,0,6.733922955,-0.111618619,66.34400234,1044.579127,103.2345005
04-03-2023 01:00,0,24.72686164,30.96730744,24.28986577,1003.737919,320.8314335
04-03-2023 02:00,0,16.75659217,35.55425658,28.55483602,950.6920096,493.0166674
04-03-2023 03:00,0,11.58778701,30.65434821,99.27607337,951.1054399,181.3268856
04-03-2023 04:00,0,15.3347607,5.255459511,77.7777755,1004.463906,431.6340274
04-03-2023 05:00,0,6.813279226,19.33215062,96.57746828,993.5272239,498.9071212
04-03-2023 06:00,898.8602446,6.854346438,35.74075746,36.62660487,995.1245053,314.8493399
04-03-2023 07:00,810.2392423,2.838863596,6.033236311,24.8106589,990.0404737,189.2304952
04-03-2023 08:00,610.4617747,2.851257443,31.00139111,55.27616171,1041.772581,353.089067
04-03-2023 09:00,736.5977604,8.691793537,-9.526243437,54.5201454,985.9170351,430.1816928
04-03-2023 10:00,877.8840431,19.07138695,-9.817664861,25.74518624,1035.622694,127.1076093
04-03-2023 11:00,207.6311632,15.19927919,27.98558302,75.98976126,1040.286479,253.6320937
04-03-2023 12:00,522.3120248,2.564614008,28.07237911,42.5599781,999.950177,193.6344696
04-03-2023 13:00,925.7945338,21.30591312,29.44885939,26.77287078,994.6938037,177.5115486
04-03-2023 14:00,792.2504247,15.03419067,36.50134189,39.87850551,1026.10206,437.3695673
04-03-2023 15:00,634.2730995,24.02138942,-4.104684409,60.72928297,1020.797151,239.7443031
04-03-2023 16:00,623.7156216,16.75463669,1.599249249,75.3823839,982.8535117,202.5843538
04-03-2023 17:00,478.2160781,4.379371593,35.18624602,53.37017975,960.2548126,321.5797436
04-03-2023 18:00,616.4164269,11.84458406,-1.138190111,57.30354908,976.48524,148.7307108
04-03-2023 19:00,0,16.21243994,24.11146338,22.50513423,963.1028506,153.4520708
04-03-2023 20:00,0,0.706617526,16.52315,92.32218322,979.4732276,284.1299289
04-03-2023 21:00,0,0.372756604,-5.840316157,93.58517782,976.1821566,234.1727279
04-03-2023 22:00,0,3.235075015,4.263183097,71.50839314,1013.771142,182.7420728
04-03-2023 23:00,0,6.291610876,16.01861082,11.5868268,1045.449603,74.27800952
05-03-2023 00:00,0,10.73872809,32.61750583,58.33667943,1018.574373,284.3484074
05-03-2023 01:00,0,12.18601184,25.37692448,66.62970749,1042.664941,417.4741425
05-03-2023 02:00,0,3.450690223,21.09415807,99.51888007,1028.413226,433.1197424
05-03-2023 03:00,0,16.83478948,14.8016445,99.64602597,1022.787762,155.9479909
05-03-2023 04:00,0,14.90345154,4.934199191,87.18501118,991.406194,319.8385418
05-03-2023 05:00,0,7.361602471,-4.037754434,15.74478928,982.4794503,435.1465893
05-03-2023 06:00,534.5052798,0.341497086,10.45380173,95.79487517,1034.627737,233.9266677
05-03-2023 07:00,928.81256,1.941197884,-8.574075304,65.13951224,1040.539323,469.4615678
05-03-2023 08:00,994.5309911,9.792369388,0.552794463,82.07980934,995.1882494,456.3403381
05-03-2023 09:00,284.87364,3.849358779,11.62416879,46.64735647,950.9063098,143.6602538
05-03-2023 10:00,386.4425504,9.420490154,10.93025928,38.77025241,1029.253106,166.5341748
05-03-2023 11:00,960.3038012,15.70456511,-7.78522845,51.69197309,978.506884,131.1988994
05-03-2023 12:00,966.6621492,13.6809357,19.45300768,23.21870617,950.9887865,138.2244582
05-03-2023 13:00,278.1658203,5.779397078,17.48421279,42.13595249,1030.498856,458.5379392
05-03-2023 14:00,211.9988003,8.595562281,-6.094784799,87.18557498,1001.741419,469.0120591
05-03-2023 15:00,328.8800186,15.35077996,37.15815262,13.41554376,1018.521075,73.35375853
05-03-2023 16:00,996.8102267,21.5213757,-5.030861052,23.57902421,1041.468982,317.1215101
05-03-2023 17:00,343.9996933,18.83033597,32.74170756,21.26045437,1004.117383,303.9042033
05-03-2023 18:00,602.0380854,13.83500067,-9.984513404,46.27679884,1000.319407,225.746441
05-03-2023 19:00,0,9.057324958,34.11405475,99.72882108,979.0662121,334.2639168
05-03-2023 20:00,0,9.126281939,-9.01401339,25.60221372,980.5193834,476.3155215
05-03-2023 21:00,0,21.98543276,27.89060159,23.09343846,1029.654207,126.6146972
05-03-2023 22:00,0,0.981089401,8.084540565,92.35501568,994.9029246,104.1849094
05-03-2023 23:00,0,24.69956611,26.91084001,89.38454653,966.3526209,65.02575687
06-03-2023 00:00,0,16.60938527,10.08726027,12.9016333,959.4528764,213.7249885
06-03-2023 01:00,0,17.02844248,-6.454603883,77.65353642,997.2920117,201.9328147
06-03-2023 02:00,0,0.949945933,28.37533477,68.99191313,996.4955024,243.8688597
06-03-2023 03:00,0,15.13823187,-6.437365734,79.09667289,1015.345828,276.4895139
06-03-2023 04:00,0,12.1194515,36.1060218,54.50522093,997.1067478,391.0207973
06-03-2023 05:00,0,2.644472672,-7.45129821,99.22412966,964.3475704,226.4510257
06-03-2023 06:00,431.3545216,6.948050269,13.96626389,13.94623168,1000.780288,198.7758992
06-03-2023 07:00,847.1821997,22.25786141,26.15172154,31.09344278,1040.67894,422.0954691
06-03-2023 08:00,840.2913508,13.7497104,9.66232324,45.68913883,965.9441412,432.4085018
06-03-2023 09:00,565.6191618,10.33541438,0.86167373,50.48001474,1018.975464,154.7446839
06-03-2023 10:00,685.2097803,1.817053896,27.95454807,92.92306624,1009.385926,191.6023202
06-03-2023 11:00,683.4076128,17.85303819,29.21473524,60.40039277,1024.858573,421.3023669
06-03-2023 12:00,861.7265187,17.57127058,36.1347492,14.0599896,965.0600273,85.73370993
06-03-2023 13:00,540.0019313,15.35109017,8.808255522,46.70766671,1044.160534,196.6310512
06-03-2023 14:00,420.3573438,12.75656616,15.31258672,47.48413711,1012.096643,251.7575482
06-03-2023 15:00,412.0279345,10.84461006,8.156422142,96.89418446,1034.707114,134.1822268
06-03-2023 16:00,628.9538234,14.83177732,2.854091093,63.92773819,974.6606764,130.9613885
06-03-2023 17:00,559.3185622,5.834886293,27.55164808,67.2085964,1023.941289,241.1879261
06-03-2023 18:00,552.0966168,23.5314766,6.982592251,74.19277281,1028.10307,389.5347761
06-03-2023 19:00,0,14.71986323,11.4074721,79.30353841,989.7435272,428.1048408
06-03-2023 20:00,0,7.779811109,10.18368288,67.15459632,988.3953453,490.6557916
06-03-2023 21:00,0,11.24199627,25.63306128,31.3474916,1015.779627,83.29282254
06-03-2023 22:00,0,20.14211972,35.88978131,88.66413229,959.3407682,147.5069905
06-03-2023 23:00,0,4.040401518,23.33780307,75.89078204,1023.562415,390.4834291
07-03-2023 00:00,0,7.320890562,13.5791298,76.76834366,954.288676,293.2694177
07-03-2023 01:00,0,16.98770057,28.96025574,99.69010653,969.0590301,197.4558983
07-03-2023 02:00,0,7.887230162,22.04856621,82.22738814,1016.414376,142.5153476
07-03-2023 03:00,0,19.81254205,-6.969482144,84.62362628,959.8323667,176.2148982
07-03-2023 04:00,0,3.261337179,-5.216820679,95.62649641,1047.184209,243.1800276
07-03-2023 05:00,0,19.06715426,-8.104152796,23.60205999,1036.839621,129.7180488
07-03-2023 06:00,324.6012983,1.708792871,12.84081631,54.79546388,1012.630233,483.9016801
07-03-2023 07:00,904.3375223,0.314815317,31.29267172,62.25103212,1031.905746,98.41480007
07-03-2023 08:00,546.9789623,22.45558797,5.654158468,39.63481563,1038.758005,493.5098455
07-03-2023 09:00,529.6748877,14.53348042,9.208009155,85.54630095,975.947565,428.8519787
07-03-2023 10:00,228.4897202,8.795672427,35.47385542,78.61776595,1034.941159,240.4182279
07-03-2023 11:00,598.3810421,5.814865924,31.84517227,74.87947671,969.4793784,382.9173505
07-03-2023 12:00,643.3357773,15.42214458,23.25240562,99.74344958,991.3342264,352.1818597
07-03-2023 13:00,647.0726968,12.72505459,3.340189105,33.34432361,1005.825963,145.9791131
07-03-2023 14:00,765.6249355,24.78994439,-4.147925866,76.19115265,1021.389096,202.5815388
07-03-2023 15:00,341.985468,24.58039967,-9.197058866,59.62640274,953.0141318,280.9051533
07-03-2023 16:00,401.7785074,15.87561415,-4.64946637,38.16902642,979.0509413,337.0298809
07-03-2023 17:00,848.5843722,11.07176265,4.629822181,24.45281837,1010.85191,294.3027416
07-03-2023 18:00,957.7364935,12.27852423,17.58950318,90.62954534,985.7368679,262.8443575
07-03-2023 19:00,0,17.06197666,-6.799995862,63.59099344,1027.502506,249.4185231
07-03-2023 20:00,0,2.539363606,-3.188611084,84.24404539,1015.165216,274.2190247
07-03-2023 21:00,0,8.208801845,-0.945964885,59.08104856,973.4401454,245.4581839
07-03-2023 22:00,0,1.881806025,21.59910465,29.79793726,964.592898,293.5985349
07-03-2023 23:00,0,1.834018988,20.78948995,40.37939318,1012.904699,449.5933846
08-03-2023 00:00,0,4.895981047,17.53828632,44.33849582,995.0467328,334.7731909
08-03-2023 01:00,0,12.13133136,2.525071235,97.56413313,966.8957041,375.1793937
08-03-2023 02:00,0,19.61935803,8.555984561,10.50699505,982.6374205,318.8674102
08-03-2023 03:00,0,12.13739728,-5.165514183,98.70994207,980.3046748,339.3579571
08-03-2023 04:00,0,8.386915264,1.323030188,98.24154716,960.8131972,310.2574228
08-03-2023 05:00,0,2.058824758,34.88526132,99.65357115,1004.690902,62.08993499
08-03-2023 06:00,340.9555249,13.75738808,38.98458732,52.8929361,1026.364863,499.819272
08-03-2023 07:00,684.9733138,6.781714662,22.38297928,96.74280727,1007.546689,65.1241581
08-03-2023 08:00,469.5375305,15.37335445,35.8411646,45.60392637,1032.629136,227.8166037
08-03-2023 09:00,668.3887507,24.42969348,22.13709502,12.36649966,962.7568547,97.30205523
08-03-2023 10:00,452.5229016,2.782858037,-8.340175695,30.19124677,993.5611858,93.6178027
08-03-2023 11:00,269.5516486,5.303134968,39.83812925,95.07666204,1010.94151,407.0871283
08-03-2023 12:00,378.3600068,11.82736345,-5.052384916,11.2388224,1017.600156,241.6666007
08-03-2023 13:00,350.4468532,24.21534538,24.13209007,59.13947219,1019.578631,410.5124187
08-03-2023 14:00,542.415482,19.29524441,2.641810154,16.804143,1022.896543,172.7539118
08-03-2023 15:00,726.6270267,22.45572983,9.599055645,35.77569206,1015.142981,165.4082563
08-03-2023 16:00,411.04486,8.342871212,22.29670924,17.92835656,959.4228089,163.0541218
08-03-2023 17:00,209.6559482,24.80096184,11.82436747,87.3575759,1019.530568,327.2655319
08-03-2023 18:00,615.1498914,2.570820402,2.527302947,63.19636387,1022.478266,416.7497254
08-03-2023 19:00,0,1.324322651,6.722309344,91.18958191,1049.347993,253.5174545
08-03-2023 20:00,0,21.39006568,7.077405846,71.95178796,1019.336244,220.6620008
08-03-2023 21:00,0,23.18162176,37.96619523,97.39262181,1018.68304,488.1107994
08-03-2023 22:00,0,2.264633939,29.9306508,55.88898893,1001.481329,102.5393162
08-03-2023 23:00,0,2.835685669,12.92743857,67.48395236,1036.792291,268.9847069
09-03-2023 00:00,0,0.829353944,-0.008953983,61.86779379,1049.683476,233.8194889
09-03-2023 01:00,0,2.612689066,30.55080551,53.58343865,1027.904487,94.15696846
09-03-2023 02:00,0,5.23549542,-2.14087642,86.13634289,1011.250038,170.6901629
09-03-2023 03:00,0,24.25191547,0.523110857,68.00726221,957.8954827,62.79854566
09-03-2023 04:00,0,16.69650556,8.300669592,82.11810384,1022.673913,444.62943
09-03-2023 05:00,0,19.46382564,34.01740979,80.77275429,1020.856157,323.532288
09-03-2023 06:00,795.239561,19.40348509,-3.410666568,27.19406446,1027.556815,416.758324
09-03-2023 07:00,602.5753657,13.37684374,-3.888290357,68.51471793,962.4555388,284.6995036
09-03-2023 08:00,254.2371167,19.93722444,14.69874942,27.96832173,1015.37325,319.7794232
09-03-2023 09:00,778.8645604,14.89518831,3.820527055,62.49884304,979.5723905,365.384515
09-03-2023 10:00,844.7761029,7.86365244,18.43639708,70.9691216,1026.027124,458.6052324
09-03-2023 11:00,431.5982921,14.02775272,12.58183423,99.75115644,974.0373954,91.28834952
09-03-2023 12:00,731.3005914,13.33771465,11.74795532,12.74877803,1018.397868,198.9267776
09-03-2023 13:00,541.2735208,20.58632634,-4.401351476,18.21181547,979.4992947,369.0617858
09-03-2023 14:00,911.2954846,24.54318043,-2.947515488,16.93240267,950.8994293,481.2577534
09-03-2023 15:00,876.1804465,10.27606414,31.05392887,45.85251576,1013.335791,491.3633428
09-03-2023 16:00,620.3455986,19.08476696,34.29413688,83.94295253,961.3269083,337.1463541
09-03-2023 17:00,753.2044367,2.494075101,1.734176644,85.96506995,1015.929147,137.119315
09-03-2023 18:00,906.6797608,19.42078424,-4.326974924,76.32816361,1042.560945,103.6440101
09-03-2023 19:00,0,9.2854228,-7.329166403,90.71904176,1046.924593,475.7196399
09-03-2023 20:00,0,0.984754072,20.41488069,39.05739498,973.5923087,245.2674603
09-03-2023 21:00,0,9.081154464,25.76766063,17.93391798,1030.925323,137.667215
09-03-2023 22:00,0,15.26606877,8.64049946,15.23377252,985.3553277,470.2516321
09-03-2023 23:00,0,2.981254192,23.98379337,86.69194477,1040.045707,97.0359222
10-03-2023 00:00,0,23.10086231,25.64794078,75.73926649,1028.748957,378.3069936
10-03-2023 01:00,0,1.941810332,36.76711407,72.87537754,957.3921717,331.3683624
10-03-2023 02:00,0,23.250168,-6.756318108,40.57087047,990.7136994,89.48059897
10-03-2023 03:00,0,17.67843795,-0.385413838,44.19146698,983.7317826,202.436958
10-03-2023 04:00,0,8.242804385,-6.57370062,96.2302176,1028.518102,117.4688103
10-03-2023 05:00,0,9.768758693,33.39969667,15.74242697,991.0285711,322.0243666
10-03-2023 06:00,340.8714304,18.52023412,29.629358,79.63585632,1018.45884,264.7008643
10-03-2023 07:00,794.6663309,15.03677752,18.73210353,37.86699913,1010.243526,51.9238061
10-03-2023 08:00,401.6559095,16.79107304,-5.816829497,13.51491566,1047.563872,489.0697548
10-03-2023 09:00,563.3339761,9.729115413,3.665617933,76.83130997,1043.778496,207.3130925
10-03-2023 10:00,508.6875575,12.19533705,4.885992403,39.78206971,992.7699515,166.1919768
10-03-2023 11:00,985.6619029,24.7466871,18.0371598,74.99327669,1022.357821,150.0993301
10-03-2023 12:00,512.8737953,5.348071762,2.902194702,73.68889448,1032.946009,121.4671533
10-03-2023 13:00,263.9859862,10.44640466,-6.352006804,58.13081879,1039.888575,499.6116843
10-03-2023 14:00,271.8606021,7.295579689,26.53811509,79.96358163,956.8134264,182.7992605
10-03-2023 15:00,672.6029771,19.12778776,4.954010583,62.29344918,980.2078799,232.4810738
10-03-2023 16:00,679.4908414,19.10031564,12.61870885,35.79731676,982.0230041,442.1101623
10-03-2023 17:00,535.0071924,7.311136525,-3.616668251,76.0703771,993.4445951,338.8493766
10-03-2023 18:00,545.4749538,2.034757916,30.12741517,63.02258343,966.9264751,215.9124853
10-03-2023 19:00,0,0.285816917,18.27659385,11.14545535,999.620588,454.2477962
10-03-2023 20:00,0,10.68626333,35.07928131,91.147976,1016.321433,387.375891
10-03-2023 21:00,0,10.25843986,14.77357815,59.10792565,999.736392,152.5552284
10-03-2023 22:00,0,24.70974697,37.07128359,88.17645389,1016.57931,339.6825476
10-03-2023 23:00,0,11.74505189,34.59341022,89.44631551,956.6441632,465.0793242
11-03-2023 00:00,0,6.410459239,18.82299282,50.04699911,1037.598733,273.4073953
11-03-2023 01:00,0,22.28073603,36.69467191,55.68939968,1043.906919,380.1255813
11-03-2023 02:00,0,12.27669874,6.154437365,47.41789489,1011.790742,486.9966848
11-03-2023 03:00,0,14.97939088,8.282108135,50.44930978,1038.1391,360.6863634
11-03-2023 04:00,0,2.391717761,-7.726102435,90.56324431,963.1446017,96.09741039
11-03-2023 05:00,0,9.572910183,19.46004534,80.93296126,1029.744892,160.0517979
11-03-2023 06:00,966.2682436,23.60559186,26.0961985,21.38731087,961.9148193,317.7933968
11-03-2023 07:00,883.6939705,14.7376346,28.67595951,64.92770034,990.8010231,174.0001169
11-03-2023 08:00,384.3958699,8.612546379,-2.509185698,99.63159763,982.3818535,480.8937674
11-03-2023 09:00,462.0530351,15.64167952,12.20795362,63.59956311,1008.559183,232.4084153
11-03-2023 10:00,367.9142738,22.76027724,-1.156839395,80.7284463,980.1514535,255.7536826
11-03-2023 11:00,593.5007676,6.849765012,23.10636744,79.2155326,1013.731363,365.7209421
11-03-2023 12:00,215.688426,12.62791796,-2.102681379,41.52857733,986.7387289,285.9123791
11-03-2023 13:00,737.0944071,23.96726635,35.2081842,43.46643724,1036.079038,221.9656851
11-03-2023 14:00,618.5265199,4.309903582,1.531732283,75.16687796,1013.388384,84.48704382
11-03-2023 15:00,918.9111426,17.99159814,4.570113314,54.99851784,971.5298297,318.4005153
11-03-2023 16:00,331.5141475,15.36202521,32.54531611,61.35136382,983.6129422,440.4110139
11-03-2023 17:00,843.2873968,16.99187828,12.92338051,74.16152113,1034.742089,358.5930988
11-03-2023 18:00,833.5688116,8.780490767,-8.80020271,79.98175243,988.647975,221.6727545
11-03-2023 19:00,0,7.846984337,14.72931256,34.436492,1003.579907,107.4767291
11-03-2023 20:00,0,17.10524176,-5.772833231,23.21143835,1014.894194,417.3521841
11-03-2023 21:00,0,5.388582128,39.26723593,36.26151821,984.780965,473.786763
11-03-2023 22:00,0,10.49136862,19.40557852,55.67844926,979.3978631,224.7228459
11-03-2023 23:00,0,4.704366151,2.826630881,40.79271856,997.5254903,377.8889851
12-03-2023 00:00,0,0.207621028,18.18588398,61.1526483,971.4880972,234.843548
12-03-2023 01:00,0,24.251434,-6.156644831,14.81191517,978.4210587,276.0201225
12-03-2023 02:00,0,10.79257447,29.99456521,55.87753705,956.2078484,426.4143713
12-03-2023 03:00,0,24.23374036,36.26640269,43.11864162,980.3970276,87.540954
12-03-2023 04:00,0,3.508087994,33.72221941,58.12000794,982.0704093,288.650907
12-03-2023 05:00,0,14.68416949,7.087880115,48.02800194,1046.183317,146.5791236
12-03-2023 06:00,818.2991491,5.02435082,6.288405982,35.58032656,1008.972883,202.9126755
12-03-2023 07:00,471.1759409,19.75185317,-8.245619439,91.36971149,1028.738243,339.9929711
12-03-2023 08:00,314.4651163,19.59257472,22.57001794,26.62884896,954.5377253,62.25278555
12-03-2023 09:00,886.3113482,2.815178726,16.74523921,71.3229018,960.6536694,317.2212945
12-03-2023 10:00,447.0887194,22.80161132,12.96731857,93.21802413,1031.453696,177.5490078
12-03-2023 11:00,727.0843234,4.86574118,35.38154767,58.48029637,1012.354955,351.2679624
12-03-2023 12:00,653.1549481,15.32443354,-1.606054946,88.87676397,969.0982031,113.7116084
12-03-2023 13:00,577.4050475,24.6408405,-9.516686665,21.23663306,990.4795406,381.1152217
12-03-2023 14:00,596.6555781,22.05991337,-6.334177394,54.44098932,1003.86725,340.5378739
12-03-2023 15:00,785.7903313,23.91409821,1.168571891,51.13227524,1034.360983,487.0588248
12-03-2023 16:00,270.2183313,8.56496928,-8.335722537,10.73069263,956.0411992,460.0559135
12-03-2023 17:00,734.5445296,2.639391055,15.14218553,49.89316072,1009.672229,177.4862884
12-03-2023 18:00,916.6496811,4.708671832,5.704522762,43.21267807,1021.703592,62.29245773
12-03-2023 19:00,0,12.51237238,-0.975849597,70.2818855,1047.789186,344.9158525
12-03-2023 20:00,0,19.83074196,27.50420375,94.44968007,1030.716008,321.2993251
12-03-2023 21:00,0,3.753841105,0.222566312,17.72119794,977.6227314,62.34294594
12-03-2023 22:00,0,16.49328831,24.38025505,39.4728748,1020.957919,105.2048881
12-03-2023 23:00,0,8.089440101,7.463245292,49.96582637,1026.327788,313.115767
13-03-2023 00:00,0,8.53005181,15.59138803,50.96668402,1022.97355,460.3222688
13-03-2023 01:00,0,16.54794325,36.69335199,79.73287488,1032.014407,457.9251244
13-03-2023 02:00,0,11.67498549,-8.132418259,49.90560993,1040.372998,118.1682746
13-03-2023 03:00,0,20.30083233,15.01322537,12.44451713,959.8429869,223.0582759
13-03-2023 04:00,0,3.897962742,32.72114802,73.90936851,960.4763858,69.44128896
13-03-2023 05:00,0,19.74870674,19.39871242,89.63467256,1029.639999,261.1723309
13-03-2023 06:00,584.6289345,1.605881201,3.843525848,56.25142413,975.2372477,388.8875569
13-03-2023 07:00,993.6127755,4.851347006,9.884056757,62.29976695,955.8541422,405.4877201
13-03-2023 08:00,749.3203387,16.40374286,24.01328144,24.66427951,990.1229181,274.54526
13-03-2023 09:00,873.085417,21.37314141,34.54059472,29.85813502,1031.987691,93.14135362
13-03-2023 10:00,531.8780852,6.316990693,-7.946681313,31.16532152,962.6565024,221.6137888
13-03-2023 11:00,814.2887385,8.179790146,-6.423058905,48.76677774,1017.184197,469.445882
13-03-2023 12:00,232.4073384,13.42801871,6.25257618,93.53306988,950.3615862,153.3256504
13-03-2023 13:00,298.328946,5.289320162,1.638984222,56.960629,960.9737447,193.8895025
13-03-2023 14:00,362.4564743,20.27890654,3.246544311,27.28878807,985.0850346,386.072229
13-03-2023 15:00,521.5615397,19.34091613,1.063499931,33.94789623,958.3602281,380.111355
13-03-2023 16:00,876.5959027,3.632292799,-0.208747557,44.56135268,1034.590167,460.4910296
13-03-2023 17:00,477.0128406,11.5957433,-3.468801657,66.09330781,1036.40705,224.6534108
13-03-2023 18:00,723.6969548,19.37069417,36.69770659,49.60298377,1025.55707,281.5694257
13-03-2023 19:00,0,8.433238278,-2.790526805,45.32003598,974.2479631,260.3266075
13-03-2023 20:00,0,15.82767057,0.220188738,60.82557404,1002.324708,467.488477
13-03-2023 21:00,0,1.255328036,2.313286199,31.76514955,968.4188526,396.198765
13-03-2023 22:00,0,15.21721901,36.65074366,17.10129453,978.127845,424.1488009
13-03-2023 23:00,0,3.8163245,27.78570668,12.19728833,1001.600529,109.894221
14-03-2023 00:00,0,20.76458313,29.48497152,32.61332471,1023.501381,406.3310118
14-03-2023 01:00,0,8.88623659,-4.762087023,18.24328307,959.465438,244.8404447
14-03-2023 02:00,0,7.038846568,31.81549375,40.27065747,979.6696698,60.50240727
14-03-2023 03:00,0,21.02222442,10.40965409,79.56401863,1042.662135,77.03975873
14-03-2023 04:00,0,1.253600577,3.141151311,74.46648974,992.9123318,355.0585729
14-03-2023 05:00,0,9.915219983,18.78750418,64.98348605,1043.886967,217.4055985
14-03-2023 06:00,720.2375793,9.250088514,31.10914529,86.72502195,1049.140054,440.652008
14-03-2023 07:00,463.2045837,7.120009356,28.93260755,35.38608621,1002.665983,380.4229102
14-03-2023 08:00,513.1634166,22.7938583,34.49987413,89.65483777,978.804401,59.75600525
14-03-2023 09:00,409.6903776,18.77320984,36.4066093,45.93152527,1029.077681,359.0997403
14-03-2023 10:00,474.4352046,1.598079105,1.906103571,46.08039864,965.9310736,136.5586127
14-03-2023 11:00,528.5603205,17.86718624,11.19289471,46.48164523,975.204686,240.1621559
14-03-2023 12:00,776.3328553,13.18247833,-9.26857304,18.82849296,1028.487991,331.130841
14-03-2023 13:00,609.2289554,22.52169736,33.96608296,97.79414485,993.3645925,442.7230286
14-03-2023 14:00,954.8521737,7.823640434,-2.271392426,22.46561,970.1537937,255.2440498
14-03-2023 15:00,233.5043151,14.35404999,33.07374062,40.6797152,1015.112574,413.8207044
14-03-2023 16:00,602.4546581,12.51888187,6.469366099,38.73702883,1023.276186,402.3345483
14-03-2023 17:00,667.3798311,12.23902266,8.406679499,16.72114895,962.5071239,236.5423308
14-03-2023 18:00,936.1575889,11.40263499,-8.043387276,23.70341171,977.698026,275.4410735
14-03-2023 19:00,0,5.140736888,6.343939488,14.03725026,972.1276755,365.2182545
14-03-2023 20:00,0,18.89274806,34.41818414,36.31640442,987.9854629,64.01679559
14-03-2023 21:00,0,11.28340082,-8.722629944,87.99912316,1026.34449,450.8651362
14-03-2023 22:00,0,23.96290688,10.31637365,40.54979852,1021.37081,396.4172717
14-03-2023 23:00,0,6.52021068,-8.430018509,21.13226489,1016.252391,162.2371466
15-03-2023 00:00,0,17.06859599,8.546171255,68.11244815,950.6285546,491.5309789
15-03-2023 01:00,0,23.51792699,-1.367967961,99.69408208,964.2143313,130.7256587
15-03-2023 02:00,0,16.58645808,2.610919663,30.90914106,972.3297549,461.3390032
15-03-2023 03:00,0,21.78182269,33.87991866,35.16139048,977.1955846,196.0130562
15-03-2023 04:00,0,20.68702399,11.80246103,97.46623489,964.6426542,393.4160196
15-03-2023 05:00,0,9.002942887,3.68989957,26.08986588,991.0315551,255.369467
15-03-2023 06:00,936.0910507,15.0030985,19.4669189,56.00926607,957.5180585,381.4103244
15-03-2023 07:00,576.2369782,3.906533495,-2.894652008,31.56869197,1025.002219,120.1023716
15-03-2023 08:00,223.1973955,13.38814707,2.969580371,93.91167081,1028.772079,171.2779063
15-03-2023 09:00,751.8568571,5.760549295,17.31239838,98.33689131,1007.426669,94.93602101
15-03-2023 10:00,585.4698029,18.59342037,1.876152092,83.32280615,958.9704877,439.3147916
15-03-2023 11:00,299.476254,13.20146055,23.95638687,38.33054342,1039.008317,183.3318445
15-03-2023 12:00,371.4174474,10.28068407,14.57456511,46.31387278,1046.563583,362.5143032
15-03-2023 13:00,251.5925444,6.719927404,28.59945351,31.80751153,970.236356,419.099539
15-03-2023 14:00,659.4348318,24.96746205,37.41222679,90.16821703,1020.463982,455.6382064
15-03-2023 15:00,697.6235834,1.792763022,-4.209755533,92.31024499,1034.193863,97.83370189
15-03-2023 16:00,604.5938387,1.089017014,6.733250499,47.6983596,1003.984352,451.8567201
15-03-2023 17:00,853.6817064,5.431435012,5.977453144,69.08797629,982.33231,138.76375
15-03-2023 18:00,888.807057,24.27681147,-2.440854033,24.89978618,997.8558715,381.6059052
15-03-2023 19:00,0,24.48095421,30.51515687,49.14423103,1001.226875,377.9820587
15-03-2023 20:00,0,16.37319337,27.9939352,66.8349196,990.0637044,53.82641378
15-03-2023 21:00,0,22.00266668,14.22127354,44.68628067,1042.984249,149.2807587
15-03-2023 22:00,0,5.349043271,16.88853889,42.18395731,1024.388311,271.3588316
15-03-2023 23:00,0,24.30105235,-7.0227931,10.0899093,974.1301642,239.015618
16-03-2023 00:00,0,3.569621253,17.77536762,82.38641174,1008.555719,463.3580659
16-03-2023 01:00,0,2.528129705,29.5670762,90.04038508,1018.868915,211.8833913
16-03-2023 02:00,0,2.805288481,18.69137868,97.25171766,964.0156422,471.6426717
16-03-2023 03:00,0,14.32819808,3.265318506,74.73442466,985.8425742,256.7431933
16-03-2023 04:00,0,19.52436002,23.37741362,59.39130811,1040.554828,483.9588035
16-03-2023 05:00,0,9.166679447,8.074421498,34.23560678,1006.71731,381.8096645
16-03-2023 06:00,939.7208843,24.44739969,17.24366421,99.93695284,971.6997746,423.2005662
16-03-2023 07:00,290.0033066,10.86050345,14.37826816,63.07775691,962.2784798,97.19459976
16-03-2023 08:00,275.9073841,3.761213769,9.058750048,71.30386651,1001.822689,313.763645
16-03-2023 09:00,466.4061064,11.6491687,25.94389902,71.41655458,1004.768572,114.2151619
16-03-2023 10:00,498.8530288,16.97592914,34.1938056,86.07266162,983.4414451,183.9294509
16-03-2023 11:00,371.4400579,20.80564451,-9.739374076,10.8705285,1013.041603,330.6044328
16-03-2023 12:00,668.0973287,11.46920725,36.68082596,29.82222464,956.8684686,376.8015671
16-03-2023 13:00,554.3312784,14.84017065,15.5757568,69.89806002,964.5139693,67.63270191
16-03-2023 14:00,227.3404712,6.683617804,25.03659402,90.56311631,1004.627382,288.924679
16-03-2023 15:00,455.7216498,16.14791316,32.78122831,71.68049037,956.1815694,304.3912938
16-03-2023 16:00,848.3463309,24.6492986,13.35518462,47.21421623,1038.090876,85.4725987
16-03-2023 17:00,751.7612279,1.226339315,31.74870367,42.53999463,964.214637,275.3096154
16-03-2023 18:00,779.8966829,22.16326677,-1.119009027,76.41532075,1017.391987,371.229026
16-03-2023 19:00,0,14.05706257,-2.041623276,76.71139274,989.1203442,73.95227819
16-03-2023 20:00,0,6.302466489,22.87356844,64.63521933,989.9787748,392.1204993
16-03-2023 21:00,0,23.87224275,33.50715028,36.23203217,1026.488953,309.3919272
16-03-2023 22:00,0,12.08385758,34.62130888,93.26393366,999.9462134,424.9522437
16-03-2023 23:00,0,8.292256292,22.18702292,59.66919479,1022.565546,148.1281578
17-03-2023 00:00,0,4.537440707,16.27446151,81.14431206,1000.519123,424.9731579
17-03-2023 01:00,0,6.111305256,6.569654385,29.28774359,1009.290534,92.55243887
17-03-2023 02:00,0,20.82122604,39.00002078,40.96367098,1026.071463,231.7233634
17-03-2023 03:00,0,15.36025023,5.984784333,88.71215647,1010.730874,139.7681562
17-03-2023 04:00,0,22.83114049,27.20930536,14.50963269,1011.561511,444.2093745
17-03-2023 05:00,0,5.799211304,16.59909,56.10837801,1028.921959,367.2139173
17-03-2023 06:00,260.0749166,3.028464346,20.42561713,53.35349319,1044.908682,61.41279972
17-03-2023 07:00,954.685839,0.152188274,9.674027529,77.610717,987.6716154,54.28551003
17-03-2023 08:00,492.0669386,12.69655094,38.24115627,35.37043935,1007.711716,181.0621645
17-03-2023 09:00,930.0673743,24.95767326,18.5841163,29.71601397,958.6273158,114.4774014
17-03-2023 10:00,824.4174422,17.37413172,36.88938152,93.35195549,985.8803881,333.6370149
17-03-2023 11:00,804.349818,7.709864799,-9.620429191,61.45386868,991.2049226,348.7086202
17-03-2023 12:00,685.3756638,21.92146458,18.63352916,19.42206115,1033.523732,473.8779066
17-03-2023 13:00,701.4270536,19.54305665,25.85934449,27.3732546,1001.33924,478.417966
17-03-2023 14:00,710.4025882,0.385379152,27.25400856,99.89434536,1023.106637,346.5035174
17-03-2023 15:00,702.9771096,20.42151201,35.24884409,27.60480966,951.90074,52.55380078
17-03-2023 16:00,642.9825851,7.513168931,-9.77991955,64.94279602,996.449267,211.5490625
17-03-2023 17:00,989.1312148,3.741836615,-9.983492037,47.81152711,1040.131767,280.913681
17-03-2023 18:00,785.8324539,5.658270993,13.61317304,89.70391854,972.4313909,274.6308904
17-03-2023 19:00,0,11.71449511,-8.53531475,77.96517331,953.1522185,321.5032833
17-03-2023 20:00,0,10.62169818,38.72662768,63.72562566,993.3408734,482.2481673
17-03-2023 21:00,0,7.222182484,1.103258727,10.96650836,1020.443182,448.3367114
17-03-2023 22:00,0,4.305458055,13.63323647,89.18156867,995.4463507,99.00861505
17-03-2023 23:00,0,19.05576974,-6.943118499,50.02007238,995.9978314,169.6911761
18-03-2023 00:00,0,24.75274459,16.10242081,93.84198877,1016.980504,424.8992378
18-03-2023 01:00,0,19.44478951,8.997806257,54.59851116,975.4388808,420.938109
18-03-2023 02:00,0,7.398424192,-7.766998556,72.48020403,1025.188979,173.9168259
18-03-2023 03:00,0,6.120224035,6.756213335,16.23633845,965.3113531,378.7646138
18-03-2023 04:00,0,5.441646902,9.571801011,77.06364882,989.5750605,352.4168204
18-03-2023 05:00,0,3.417376862,39.49607456,40.41964282,1015.600811,263.0857842
18-03-2023 06:00,692.1719173,13.78326374,0.394293596,41.62231129,1032.836901,140.6547287
18-03-2023 07:00,862.4346286,15.1350093,17.23898077,20.67902602,1029.153107,449.8894314
18-03-2023 08:00,326.0004385,17.63756652,39.36577746,23.21714338,1022.16856,355.0330329
18-03-2023 09:00,675.4653871,17.00533427,29.6009604,26.71831506,985.9096384,126.0468162
18-03-2023 10:00,674.8884356,7.308332782,39.66837504,39.53855517,962.2304316,367.1610552
18-03-2023 11:00,331.3479712,8.257775135,38.41491573,90.27729215,971.6834218,383.6451738
18-03-2023 12:00,298.770859,17.03786339,14.4769771,43.14342144,1036.483381,449.0961283
18-03-2023 13:00,984.0415544,8.73619102,24.81879249,75.19264359,1035.733137,150.2776649
18-03-2023 14:00,514.9753357,5.31557974,-4.477843653,17.44727535,1045.156085,494.9393474
18-03-2023 15:00,381.937383,9.358403842,12.05744125,63.19889193,957.5988652,119.0270401
18-03-2023 16:00,337.0596356,6.802103939,30.45092711,53.37021081,1003.680909,320.3100013
18-03-2023 17:00,734.0813709,2.20781803,15.26676605,98.01621523,1014.868304,345.7294274
18-03-2023 18:00,687.5562379,20.75347256,25.13495164,86.15869929,1021.065738,238.5288029
18-03-2023 19:00,0,21.32778473,27.2875665,50.93467952,1014.386324,263.7669689
18-03-2023 20:00,0,5.493757504,2.673457062,79.76284876,1027.001139,450.9095435
18-03-2023 21:00,0,1.619304988,33.78496865,27.37348672,985.9471576,340.3734033
18-03-2023 22:00,0,18.47068593,12.99112155,60.61026947,967.9432772,273.6504312
18-03-2023 23:00,0,5.288215647,0.509255181,16.715715,970.4583372,107.7573031
19-03-2023 00:00,0,9.835887236,33.27079409,41.3280129,951.1978689,53.30193135
19-03-2023 01:00,0,1.603381306,10.89094031,30.32759635,985.0321872,106.2358782
19-03-2023 02:00,0,5.656739619,27.51562192,74.70188338,959.1744051,480.2830554
19-03-2023 03:00,0,19.82255696,17.40165361,54.10816221,982.1488693,393.8390523
19-03-2023 04:00,0,20.10991117,9.093587612,77.5963431,1012.821008,485.2023474
19-03-2023 05:00,0,5.177120622,30.49382075,56.37658939,1039.447806,66.06891937
19-03-2023 06:00,825.2185036,8.397846128,19.22349658,17.78359979,1033.960545,356.0991817
19-03-2023 07:00,944.6461379,3.355960477,9.528105121,76.18308848,975.2674212,69.93208688
19-03-2023 08:00,396.6002497,1.854315757,-4.520106483,84.99063376,963.4083142,401.925411
19-03-2023 09:00,661.5673201,24.80429286,34.77226569,91.31781033,969.3072274,221.4275777
19-03-2023 10:00,419.6356678,16.38984878,-8.226520733,61.47927508,1047.098665,93.09441205
19-03-2023 11:00,859.2755924,13.55241273,33.15936742,77.82268231,1004.947448,305.6209888
19-03-2023 12:00,204.2593525,19.13746251,7.998076244,77.68399032,968.2502223,176.0540885
19-03-2023 13:00,651.8553303,21.00192899,21.96693818,24.01747838,1034.074615,346.8082738
19-03-2023 14:00,471.362745,20.1678692,36.10998619,24.77986187,989.5191244,346.1786418
19-03-2023 15:00,458.1469657,0.413486232,-2.414669225,16.37969552,1039.922215,367.2533634
19-03-2023 16:00,715.9250591,4.670197455,18.34752378,38.79222716,976.0677127,496.6092854
19-03-2023 17:00,881.1875595,16.37263255,28.22164312,52.6157729,989.3221759,224.0139695
19-03-2023 18:00,687.3563131,9.393983695,27.87919164,99.81080675,1000.494776,259.3919635
19-03-2023 19:00,0,24.56206628,16.28159573,48.78940079,1039.261533,412.0752655
19-03-2023 20:00,0,16.63511982,21.236973,75.36183297,1036.875743,310.2665104
19-03-2023 21:00,0,23.91372272,27.87634971,72.40573236,1007.435507,66.76574481
19-03-2023 22:00,0,5.036162041,32.05138189,28.40337552,972.177551,429.3853341
19-03-2023 23:00,0,21.5989257,28.09065484,15.26564363,990.3356972,73.17440687
20-03-2023 00:00,0,8.033807645,7.700247159,59.14060764,1047.563307,126.8690614
20-03-2023 01:00,0,24.73912021,39.83632005,73.02750331,1010.777322,95.93598514
20-03-2023 02:00,0,3.942216802,11.72513469,99.84266112,1028.109776,85.0672098
20-03-2023 03:00,0,12.90849547,-8.776764862,42.27499471,994.9864695,61.55819389
20-03-2023 04:00,0,19.82111335,8.130847579,90.67281059,1003.200728,74.76247129
20-03-2023 05:00,0,10.81606202,-3.610852271,44.37392103,992.8954112,249.0976351
20-03-2023 06:00,293.1564193,11.7021015,-3.927869214,72.04705376,1020.2921,163.7835215
20-03-2023 07:00,677.179662,24.65889489,4.076752005,63.84276375,1035.147101,106.9415975
20-03-2023 08:00,419.9833536,10.63270376,-7.331225291,14.7680914,1000.736354,346.4174942
20-03-2023 09:00,263.7161032,15.10180251,24.42560942,17.05495843,998.0867459,151.7503598
20-03-2023 10:00,543.6821948,1.363491517,-6.30055579,11.86876808,984.0286467,58.52711991
20-03-2023 11:00,643.4580785,21.05525201,0.164477772,43.37506761,967.7096694,238.2889027
20-03-2023 12:00,462.9967907,16.20420122,-5.355014275,77.12209439,1043.924772,189.6948464
20-03-2023 13:00,776.3469618,10.10050257,-6.841613455,25.54798546,981.6079719,193.3719941
20-03-2023 14:00,715.0164865,0.404238499,3.387583277,64.52676715,1030.069146,250.3715127
20-03-2023 15:00,466.2546889,14.79172051,18.59494838,35.9945002,1021.534702,351.0112673
20-03-2023 16:00,803.8980231,0.316445712,38.23427782,81.72933616,1029.09176,327.415604
20-03-2023 17:00,718.956034,0.030090348,33.77783272,81.85565341,1043.676813,471.7677244
20-03-2023 18:00,709.956303,15.40246405,33.79669627,79.78730635,1012.337076,282.9724998
20-03-2023 19:00,0,4.725426683,-1.196648198,57.23501624,1039.795034,262.6564594
20-03-2023 20:00,0,4.797188743,3.245359675,35.61100391,966.7697323,146.0364958
20-03-2023 21:00,0,16.33178915,-6.18033416,82.84996395,1012.671258,389.92158
20-03-2023 22:00,0,1.342429698,28.923417,26.74905057,1027.227561,113.3490993
20-03-2023 23:00,0,7.835139037,-6.509184926,36.07836418,977.1641131,271.0098004
21-03-2023 00:00,0,3.735797554,17.83478354,26.55529355,1024.07538,239.5949893
21-03-2023 01:00,0,14.50440924,2.393778616,70.67891443,1027.847683,346.2353953
21-03-2023 02:00,0,16.54412887,2.172281701,71.76124253,1033.118796,462.9296615
21-03-2023 03:00,0,18.02839634,39.53625276,68.72589935,981.2882913,475.9680162
21-03-2023 04:00,0,6.380780423,27.83899035,47.40413202,1018.160659,125.5096702
21-03-2023 05:00,0,2.231243791,31.84696791,19.01539065,980.4253283,167.8177482
21-03-2023 06:00,436.852408,1.967091424,18.59913427,92.00526261,1023.904039,415.235894
21-03-2023 07:00,611.9435963,10.65378871,33.55071437,55.69578676,996.2973665,283.2258931
21-03-2023 08:00,332.2963404,23.64611023,22.27452696,46.62749754,1009.754437,253.8655558
21-03-2023 09:00,982.1702503,5.443225856,37.30868524,62.99424039,991.5839981,369.7814536
21-03-2023 10:00,286.339644,6.418540034,4.066929302,27.35113922,966.1982927,320.8662287
21-03-2023 11:00,945.5553117,2.522220053,19.76597729,21.92939012,967.802953,486.8213245
21-03-2023 12:00,930.8624091,15.13925685,24.5065674,46.49726993,957.7568907,312.7885935
21-03-2023 13:00,620.2883855,16.99682185,9.646865251,30.44986247,1011.807268,259.6882219
21-03-2023 14:00,779.9282175,16.0732802,33.98539912,31.98612651,1034.86384,294.2678129
21-03-2023 15:00,548.8386384,21.52825608,38.99015816,90.3260339,952.0836826,413.8429175
21-03-2023 16:00,704.027662,12.16064588,14.68847457,57.76832595,956.6239502,325.7037756
21-03-2023 17:00,472.4607499,3.361426019,9.53203274,53.51221579,995.7466992,341.1716411
21-03-2023 18:00,440.9272158,7.235128268,13.59689643,72.05316344,1023.772074,487.147496
21-03-2023 19:00,0,16.56074934,32.63683729,95.63933023,965.7707645,328.277968
21-03-2023 20:00,0,15.32804934,22.27342128,20.0978708,977.165132,221.1283618
21-03-2023 21:00,0,13.27507824,-7.761381374,85.01811104,973.2006201,361.0967122
21-03-2023 22:00,0,17.07411047,17.10849552,62.56172619,989.9051219,346.7567286
21-03-2023 23:00,0,15.93477126,-9.134993863,23.15488184,972.4998677,56.23143598
22-03-2023 00:00,0,22.03312224,28.92676855,36.74343868,985.2598679,260.2981836
22-03-2023 01:00,0,14.65040944,6.415613677,53.41252748,1022.85426,384.3066213
22-03-2023 02:00,0,19.46503397,13.60037411,72.20594301,1011.100925,274.568656
22-03-2023 03:00,0,6.217678899,29.9339053,31.83463153,958.1181705,400.8295112
22-03-2023 04:00,0,16.95456461,-7.677559136,58.13909339,1013.774567,252.8976634
22-03-2023 05:00,0,22.55485296,-2.07292322,71.62044647,997.7077172,492.4947189
22-03-2023 06:00,231.0989576,9.643308197,9.898018822,50.38666758,1043.456557,181.8012151
22-03-2023 07:00,727.1542351,19.47760468,1.496258177,87.6723365,978.9304317,91.45517367
22-03-2023 08:00,418.0461991,18.11973253,6.895071289,88.25131926,1022.616642,243.5053105
22-03-2023 09:00,897.2365446,1.488154922,39.90873689,52.36220959,1023.086082,293.7690612
22-03-2023 10:00,587.9938277,14.53770774,31.27072188,97.56331394,972.1500781,207.0921793
22-03-2023 11:00,444.4611675,3.25473373,34.19509075,16.80265832,1040.322362,159.0265221
22-03-2023 12:00,614.1111486,24.18297931,36.85273168,10.30261405,999.11832,352.4264111
22-03-2023 13:00,505.5664152,20.28518757,7.046794016,44.26014374,1017.888337,219.7062949
22-03-2023 14:00,651.4408517,2.743095031,4.85384789,64.09873552,964.5855559,334.1158381
22-03-2023 15:00,291.6262947,3.043799941,1.703124629,66.62801417,975.7803917,400.5821519
22-03-2023 16:00,997.5924023,14.86184637,31.50584557,52.88011627,1008.610712,392.4511825
22-03-2023 17:00,540.4447022,8.622229354,23.97759311,21.23949819,981.9027268,218.8891898
22-03-2023 18:00,478.5845118,0.872646477,1.808599124,25.34477696,999.9692919,305.554203
22-03-2023 19:00,0,13.5410377,8.849691461,86.69331855,987.4005199,252.346201
22-03-2023 20:00,0,9.696127492,15.3355882,88.11200186,1014.05538,441.8623637
22-03-2023 21:00,0,2.526912309,16.40700286,70.65086841,998.7145363,445.4413159
22-03-2023 22:00,0,20.04800981,34.43638643,69.77961751,950.4609936,204.6837123
22-03-2023 23:00,0,22.87691913,9.028306647,63.79139152,1014.968084,91.28185155
23-03-2023 00:00,0,18.91484835,35.42620153,28.26332971,992.2121557,125.4121175
23-03-2023 01:00,0,20.56055775,12.06837802,48.54256302,984.169834,215.150784
23-03-2023 02:00,0,5.412264182,27.31863374,72.63051863,959.4146752,303.9124796
23-03-2023 03:00,0,6.589323773,36.512716,58.35270448,972.0369691,345.5541549
23-03-2023 04:00,0,5.213188507,35.3787852,11.67223006,972.3772292,199.1169708
23-03-2023 05:00,0,19.12658578,-7.152356635,95.8201126,1043.53695,350.3746038
23-03-2023 06:00,980.8564688,23.69792697,0.285214749,86.03344473,993.2512975,471.9829927
23-03-2023 07:00,405.4652597,17.92093017,13.84527128,33.44905127,954.2065847,343.4063572
23-03-2023 08:00,564.9017672,22.03666912,11.5777145,65.48130416,963.8816682,121.3543532
23-03-2023 09:00,224.0161806,15.96747737,22.04458324,93.09154454,957.9032676,310.8510108
23-03-2023 10:00,517.7820237,9.691497514,37.23545254,18.64099109,1008.886939,293.8529825
23-03-2023 11:00,657.0560123,10.64404037,-4.379764436,55.27265327,968.6621492,441.8150499
23-03-2023 12:00,962.49969,1.883035804,12.59293326,51.06187233,999.855764,207.6363748
23-03-2023 13:00,613.388836,0.786429881,-0.379448106,46.91845048,987.0062063,240.3255245
23-03-2023 14:00,855.2858609,17.3868901,34.70537992,85.2029748,1030.387638,319.396575
23-03-2023 15:00,637.7021141,10.9607223,38.22900929,44.2581532,982.0489637,285.9913903
23-03-2023 16:00,232.6280107,13.8053767,13.93508409,15.72969999,995.8265482,373.5574666
23-03-2023 17:00,452.0066202,13.94153119,-4.799485114,15.92539679,1022.128555,68.17504591
23-03-2023 18:00,660.4396063,6.934395333,29.26473334,13.84701459,993.3351207,303.5822086
23-03-2023 19:00,0,11.89731277,24.85706752,46.82308797,1029.321554,104.7523519
23-03-2023 20:00,0,11.76900554,7.733541331,74.65656499,1016.168436,191.8440466
23-03-2023 21:00,0,9.710680531,34.3703737,28.33502157,991.0529114,347.7320877
23-03-2023 22:00,0,20.51688459,38.79159449,68.18216684,1000.398193,120.8363903
23-03-2023 23:00,0,11.27910009,17.89269246,71.83796249,1046.720346,188.978826
24-03-2023 00:00,0,15.09111311,18.28639557,32.96819116,1016.16115,366.3529173
24-03-2023 01:00,0,22.38800301,4.875675256,64.05018905,1040.499523,342.8623591
24-03-2023 02:00,0,21.65584057,19.2253018,71.6381506,967.8758503,90.96785114
24-03-2023 03:00,0,22.26055509,11.98211603,51.99522605,998.3236156,309.7708221
24-03-2023 04:00,0,6.750124912,5.109551346,40.30449376,1040.866167,116.2645079
24-03-2023 05:00,0,0.874562208,-6.640740174,65.72363964,982.2612061,163.5221204
24-03-2023 06:00,402.718486,6.526669997,2.635392985,98.00623786,1046.76642,256.6450754
24-03-2023 07:00,604.0224369,6.967683641,-0.107267516,48.41572684,959.707749,99.20607048
24-03-2023 08:00,224.3972383,22.73400817,17.10209923,45.25615867,1040.267117,497.1411356
24-03-2023 09:00,305.4482988,16.23106832,20.08350109,51.78402122,994.5212122,124.4163025
24-03-2023 10:00,909.2716769,2.04259899,20.42858622,16.85965541,957.3744165,401.5906828
24-03-2023 11:00,801.3438136,3.3844649,9.409050052,59.78469517,1037.952159,423.4274803
24-03-2023 12:00,538.2947272,3.891903139,11.06148668,39.58276485,975.1940212,497.5087865
24-03-2023 13:00,613.7202898,15.7605437,31.71192148,20.92799101,952.2250125,242.893948
24-03-2023 14:00,495.9991088,18.38535064,13.81164068,51.9631067,963.5807106,443.3425341
24-03-2023 15:00,792.6238937,21.49109776,39.38866661,10.30455879,1015.911474,480.8927476
24-03-2023 16:00,827.3497434,23.51591377,11.9808615,46.16067206,1047.781149,127.8023652
24-03-2023 17:00,810.6281522,5.042613935,22.47904723,19.51617411,961.146214,265.7462401
24-03-2023 18:00,778.0893799,7.744312118,-7.48185005,12.18634331,996.1948048,77.00486849
24-03-2023 19:00,0,6.008072019,22.66699622,84.20275416,968.0636551,329.3258054
24-03-2023 20:00,0,8.969039187,32.57131972,92.4623923,1024.503653,311.6327706
24-03-2023 21:00,0,22.86662769,37.12289193,28.69071835,961.80589,141.8568281
24-03-2023 22:00,0,14.37781417,39.86603058,58.53684375,973.9841748,409.0562415
24-03-2023 23:00,0,18.45479743,4.108932282,35.01623414,969.6405968,66.77092524
25-03-2023 00:00,0,12.2529809,18.76850324,54.42196948,1005.251978,412.8022959
25-03-2023 01:00,0,0.721447833,12.53589928,49.29681888,1037.318409,61.99038102
25-03-2023 02:00,0,1.60488715,18.19087403,34.21459496,1001.10902,345.5729655
25-03-2023 03:00,0,13.44807578,-2.127352141,73.03542217,955.8243453,85.44628126
25-03-2023 04:00,0,17.96972587,32.80747863,21.38418634,1006.338893,163.0514837
25-03-2023 05:00,0,5.383263188,35.47844717,14.7765504,1029.7521,374.8610072
25-03-2023 06:00,546.3784399,18.04773935,12.48308316,79.09078897,963.2156197,176.1821598
25-03-2023 07:00,256.8196541,20.26664434,4.021493079,69.93370281,957.2711214,280.0282319
25-03-2023 08:00,590.3012848,10.29743696,-2.958328617,54.86735117,968.7807778,461.8617213
25-03-2023 09:00,761.7314629,18.66048082,24.18824124,52.10107934,1024.608632,72.33545932
25-03-2023 10:00,610.5759807,10.10074876,5.611591981,54.76702415,1009.168042,414.9859072
25-03-2023 11:00,897.684851,16.95876574,35.4769285,49.33216685,1004.059465,79.37239936
25-03-2023 12:00,431.1496133,19.09992623,23.55062374,45.36030662,974.9479895,107.05768
25-03-2023 13:00,268.999337,24.79816546,22.28426626,54.97215426,983.2236595,103.6935968
25-03-2023 14:00,949.2524893,8.634916552,17.97010579,57.5663654,1046.588501,497.3460274
25-03-2023 15:00,502.5570796,10.27601951,-7.711183029,72.27120827,974.0625227,131.0838437
25-03-2023 16:00,661.1244412,4.140501485,36.59612178,74.00864447,1040.164542,453.5428308
25-03-2023 17:00,833.6025009,5.10182646,21.39687466,43.98661721,1008.05315,495.9194733
25-03-2023 18:00,459.4509311,17.33487506,39.70309917,47.21864705,962.3296466,222.7031467
25-03-2023 19:00,0,22.92613975,16.86782024,43.63274528,996.7312378,333.9718446
25-03-2023 20:00,0,9.865123792,25.5055446,58.28821963,1044.854872,400.5910642
25-03-2023 21:00,0,4.496111171,-7.189522107,50.80181841,991.8565598,226.6902868
25-03-2023 22:00,0,7.127487485,21.58680884,90.06368168,1036.338656,122.8163632
25-03-2023 23:00,0,11.37629262,28.23248058,72.67251402,975.6428695,245.1932347
26-03-2023 00:00,0,7.266258234,28.92571474,90.87907454,1007.092215,397.3494403
26-03-2023 01:00,0,5.839477078,28.50558261,73.82232924,1034.385206,401.3432432
26-03-2023 02:00,0,18.39961222,1.314131365,97.38929337,1042.068844,153.7424565
26-03-2023 03:00,0,0.196123031,38.76992388,67.21631004,998.5823367,128.734538
26-03-2023 04:00,0,13.48076318,39.75910603,96.71951243,1013.96881,464.2523159
26-03-2023 05:00,0,19.84417018,-6.220206242,24.23529014,950.2980131,69.79956375
26-03-2023 06:00,460.7121147,6.655707158,36.82232114,14.72299127,975.3223308,380.6323141
26-03-2023 07:00,580.5240247,15.08228777,4.472459715,62.12126667,977.8712104,70.88962345
26-03-2023 08:00,682.2460258,16.72250264,24.46420409,98.51438852,959.3493012,427.0550229
26-03-2023 09:00,988.7932577,16.37561741,6.905546037,47.58447226,977.9695013,457.436666
26-03-2023 10:00,950.2116475,11.14624085,38.38771617,29.0839026,982.1122033,183.8386059
26-03-2023 11:00,889.7223666,8.664449697,-4.924807085,56.93873043,1046.876604,83.27103958
26-03-2023 12:00,911.3044286,20.89810183,14.88734085,68.39187621,1016.860238,266.3080414
26-03-2023 13:00,574.2793466,18.96114892,11.4023896,38.3660826,992.6005079,184.3083665
26-03-2023 14:00,725.9554617,8.031379335,6.301172614,74.32924226,1048.805446,237.7112643
26-03-2023 15:00,916.0533783,2.575479861,22.27669954,97.76030563,965.323232,349.2434541
26-03-2023 16:00,514.360612,1.795188636,-3.447212829,90.72668095,997.6051194,144.4217162
26-03-2023 17:00,969.4099827,2.356899447,25.83312091,36.24268362,1014.706221,210.6282063
26-03-2023 18:00,532.6288497,14.57173403,39.02960619,39.40513148,955.5580634,402.1531206
26-03-2023 19:00,0,1.291554396,30.22793572,43.4387102,1021.699886,339.6928775
26-03-2023 20:00,0,8.423171874,33.00083765,45.50975006,959.9867353,196.823971
26-03-2023 21:00,0,18.82999255,7.981837159,19.02875493,964.0282309,348.9357201
26-03-2023 22:00,0,7.358704163,6.244330324,78.5766555,965.9689512,394.3908153
26-03-2023 23:00,0,19.08270193,15.85241773,42.88053372,1042.888983,316.6185114
27-03-2023 00:00,0,18.63667596,-7.713669262,89.1837979,1018.323555,157.7735746
27-03-2023 01:00,0,6.145678316,37.26790672,93.42465608,1015.54275,50.11038073
27-03-2023 02:00,0,18.2205545,-2.810741349,12.19881784,1005.54935,411.2820981
27-03-2023 03:00,0,18.69441596,35.15065196,98.96527629,979.2805999,420.1850999
27-03-2023 04:00,0,9.936348142,-5.8208889,73.90204584,1012.08897,363.9220256
27-03-2023 05:00,0,5.260512094,31.13124638,56.83530034,991.014972,84.46141912
27-03-2023 06:00,585.0191615,13.03177017,-2.401873706,45.05748475,964.541615,313.3500294
27-03-2023 07:00,693.8834008,23.0349397,-8.093419295,56.66663193,1018.959729,419.4593021
27-03-2023 08:00,523.9286514,15.99041831,25.97447251,39.21622516,962.9582168,225.350744
27-03-2023 09:00,358.6980319,4.323062441,4.013265009,66.04190323,969.0668581,139.1003304
27-03-2023 10:00,969.3123939,17.06892312,25.72480764,18.36822488,1031.769931,314.4322838
27-03-2023 11:00,609.174032,10.68007568,17.75426252,65.90103426,1016.01171,421.8379823
27-03-2023 12:00,787.1362962,14.78821993,-4.559630488,34.78103651,1013.099115,71.99148142
27-03-2023 13:00,528.8377548,18.35160088,36.60650367,11.58713461,991.8202784,318.6280477
27-03-2023 14:00,484.1054112,12.87368379,12.61570874,59.74351895,989.6280518,339.4282079
27-03-2023 15:00,525.7314388,20.34959936,26.72236389,62.06029803,1019.026261,321.0651677
27-03-2023 16:00,527.357315,18.05388948,15.0510286,48.39121042,1024.000554,342.5151579
27-03-2023 17:00,635.3440928,15.3768335,20.21807375,16.50576093,1001.02132,334.1188884
27-03-2023 18:00,634.775896,3.769820396,5.138679618,90.40086575,1046.926924,108.6817482
27-03-2023 19:00,0,20.89872777,0.0180152,65.02877265,1045.569956,155.7215496
27-03-2023 20:00,0,23.39763963,17.12851017,20.41419696,991.242949,328.5473024
27-03-2023 21:00,0,3.424128095,12.01094865,55.98375189,1032.062225,57.96192251
27-03-2023 22:00,0,12.20602824,9.505660672,54.75288844,1004.326784,335.6350334
27-03-2023 23:00,0,6.472218549,23.62835975,15.43616819,1001.175589,349.4239807
28-03-2023 00:00,0,18.86308269,24.5253316,64.61737332,955.4964061,157.6286419
28-03-2023 01:00,0,18.0407409,-7.703997195,82.7493759,1007.397471,319.1597734
28-03-2023 02:00,0,3.522128014,6.937224712,77.41072488,1040.057793,290.3405273
28-03-2023 03:00,0,21.92568178,10.58822751,28.26724727,1028.013385,167.3111967
28-03-2023 04:00,0,4.524326599,-5.155391942,87.60632766,1028.631714,258.3383053
28-03-2023 05:00,0,19.93147564,1.795043335,40.82879491,965.9929039,459.3310382
28-03-2023 06:00,815.3358956,11.42450899,-7.417910139,95.18575405,985.8449447,241.9712512
28-03-2023 07:00,494.8499752,8.206807339,39.81210493,16.45731678,973.3204917,333.4298796
28-03-2023 08:00,968.0095047,3.955981567,26.82786015,53.75878197,981.5915282,65.90786947
28-03-2023 09:00,856.3690321,4.190356404,-5.627492175,63.74119395,1007.953934,85.01005099
28-03-2023 10:00,883.1587704,16.54726387,-8.98753101,32.28850886,986.4783813,86.58863299
28-03-2023 11:00,337.7554139,13.7607597,25.96439001,79.42421698,1006.069782,400.2083436
28-03-2023 12:00,416.7705663,3.052135541,11.95960828,66.42061118,993.8501248,207.6156027
28-03-2023 13:00,428.5012797,2.817446511,29.33983545,11.62984936,978.6615558,152.4252598
28-03-2023 14:00,416.7273786,1.807764369,36.17380189,64.75317316,959.5403434,386.2960558
28-03-2023 15:00,884.3265297,18.59418368,19.96501945,54.2330411,1039.183846,126.4820282
28-03-2023 16:00,225.5078362,17.79705213,-0.644578854,27.64262815,951.1373366,160.9216363
28-03-2023 17:00,260.8799912,1.460774771,29.1097018,99.61734044,950.1652488,243.9191495
28-03-2023 18:00,419.1318965,14.00675189,37.79058716,90.74459753,1032.679774,199.1471311
28-03-2023 19:00,0,2.116903881,19.01156435,36.32569255,1049.681094,313.426495
28-03-2023 20:00,0,22.59364427,24.09987236,58.69638287,1022.710283,202.0282786
28-03-2023 21:00,0,22.67793548,6.873734752,38.48519259,951.5273838,226.8282361
28-03-2023 22:00,0,17.45582475,9.076384733,79.79461765,972.6690227,438.2989737
28-03-2023 23:00,0,23.15472304,26.73272489,93.72982899,1047.18227,448.0391478
29-03-2023 00:00,0,20.28632576,36.38855492,42.29457462,1030.860425,422.4700359
29-03-2023 01:00,0,20.7134644,21.44941936,82.50258242,1006.679984,439.1739197
29-03-2023 02:00,0,14.24269626,29.49239542,54.85667884,973.6860709,306.3779012
29-03-2023 03:00,0,7.651479955,-1.418249129,45.69207052,951.4370206,340.8049466
29-03-2023 04:00,0,5.444977878,0.597954513,94.45796669,952.0861473,300.7279249
29-03-2023 05:00,0,8.180000551,16.60173434,55.93642198,1011.198086,403.5146378
29-03-2023 06:00,782.7767564,15.71238575,-1.172290388,52.06694502,952.1831876,297.9502186
29-03-2023 07:00,200.0422615,4.316413396,21.74975351,70.51909618,1049.363014,99.98463405
29-03-2023 08:00,963.1366431,6.466005916,4.58265927,33.51107809,968.3383833,414.3110542
29-03-2023 09:00,851.3670136,11.70152157,29.57663093,39.23135837,1021.070736,392.2633268
29-03-2023 10:00,923.1853573,5.826252463,30.40551733,93.88412526,965.5059721,419.1352679
29-03-2023 11:00,212.5146362,14.71609174,13.18937279,71.06768609,1004.009342,135.6932585
29-03-2023 12:00,947.0870366,23.07940071,-0.959468248,84.3973433,958.0611288,172.2276737
29-03-2023 13:00,847.830823,18.70223414,22.33874805,34.40005857,1026.677842,183.0882638
29-03-2023 14:00,869.7753144,16.66066535,39.63935091,58.94111709,1008.492109,278.6362413
29-03-2023 15:00,274.6299078,14.5680369,21.1295449,97.42566403,958.6166693,110.2446879
29-03-2023 16:00,791.0224231,12.19869773,-8.211265464,38.68335091,1034.858619,223.421789
29-03-2023 17:00,967.9333517,4.664096491,-9.135301212,24.44288287,1004.701861,131.9711725
29-03-2023 18:00,742.8378731,22.36776139,6.018098525,55.97974074,1042.159231,169.1432209
29-03-2023 19:00,0,6.21340005,-0.210809657,44.90389799,1041.662337,367.8744356
29-03-2023 20:00,0,2.282721939,30.65256036,24.36195095,1042.050779,434.6650203
29-03-2023 21:00,0,18.75037948,32.24028335,89.96962444,957.77852,60.30763997
29-03-2023 22:00,0,4.390388358,2.930938566,99.16515195,962.0957762,304.6536335
29-03-2023 23:00,0,9.297399989,6.282238847,61.17239626,1048.770581,66.22689293
30-03-2023 00:00,0,0.707123207,1.812348386,79.72090915,998.7600821,88.36216026
30-03-2023 01:00,0,3.426698564,35.41912737,87.31345326,973.8214053,367.2878156
30-03-2023 02:00,0,4.330090769,15.13246673,73.08838054,1026.966449,381.0236479
30-03-2023 03:00,0,1.360253194,22.8068522,13.97404442,976.4285221,416.2913029
30-03-2023 04:00,0,16.41642392,10.77410433,24.18708085,1022.721569,263.4086803
30-03-2023 05:00,0,20.9251949,21.55070968,16.3890272,1033.728578,436.9133669
30-03-2023 06:00,927.1341953,9.332885159,9.292768836,10.8891646,1028.426338,125.0772312
30-03-2023 07:00,953.5931575,21.86441192,6.983921886,37.53967679,977.4047808,162.3723861
30-03-2023 08:00,251.4553786,5.333664364,21.72400366,45.31203644,990.1618574,110.5259664
30-03-2023 09:00,521.8964316,8.134760589,19.5531039,31.69267591,991.3251003,408.8917673
30-03-2023 10:00,218.7672174,3.768424826,4.676397708,15.81441833,999.1272918,152.9038033
30-03-2023 11:00,463.5333259,15.51397989,-2.532577484,57.68767818,966.7372852,119.9800592
30-03-2023 12:00,629.4945744,10.49673977,8.428834692,34.5987388,995.247005,330.3998094
30-03-2023 13:00,928.6359444,15.33208367,10.75988196,81.64334394,1001.078299,84.68691186
30-03-2023 14:00,877.243458,19.04187263,21.43421667,10.72473595,1003.1709,70.20512475
30-03-2023 15:00,301.9997813,13.6425754,35.72643818,85.82743462,1031.990043,98.02294185
30-03-2023 16:00,274.4242998,15.69075887,-8.190760123,95.92783111,1001.73345,50.10839779
30-03-2023 17:00,671.413871,23.38125786,2.183050627,74.45215568,973.0783923,363.6455694
30-03-2023 18:00,625.694378,7.47660774,-0.314202886,76.02796587,1016.312874,303.0058948
30-03-2023 19:00,0,8.979098466,15.11472043,94.02060804,1029.731414,144.4437991
30-03-2023 20:00,0,17.94258404,11.48504035,28.81641568,981.9371666,154.8522266
30-03-2023 21:00,0,15.28263793,26.45188119,99.51090114,1014.530593,414.9358693
30-03-2023 22:00,0,4.463322613,2.120795627,79.6133083,964.6937996,275.8190521
30-03-2023 23:00,0,9.40368275,19.72491829,75.39136375,984.1926305,364.3377607
31-03-2023 00:00,0,11.69595033,34.19286318,42.49815211,1040.922393,253.7399531
31-03-2023 01:00,0,10.48474595,35.533887,59.11997369,1041.130816,156.9731117
31-03-2023 02:00,0,4.456870208,37.93923024,68.85260094,1007.532458,486.6812603
31-03-2023 03:00,0,23.11075229,28.6630576,65.83085752,1020.235146,304.5414035
31-03-2023 04:00,0,19.05796904,35.29939531,73.44861746,1035.401542,108.9418567
31-03-2023 05:00,0,12.0338958,1.726543599,17.41435652,1045.855319,232.740519
31-03-2023 06:00,787.5896323,17.00152571,-0.120952782,42.00835895,998.988644,198.2018354
31-03-2023 07:00,493.7390515,22.4320668,-9.675595811,49.06000149,1006.157574,146.3393609
31-03-2023 08:00,215.1047029,3.404353559,25.34221787,33.45663681,991.5641567,470.0479952
31-03-2023 09:00,280.424287,6.259326268,36.87335939,25.53645432,957.1981937,446.413998
31-03-2023 10:00,596.9755836,13.56753118,-0.653232748,22.50347319,992.2803472,139.6162024
31-03-2023 11:00,751.9714857,19.97525928,21.84717877,42.9745053,1029.062734,208.4665501
31-03-2023 12:00,467.7882613,0.906372386,27.32298796,54.40975305,1030.48855,393.0419263
31-03-2023 13:00,756.3907673,24.60045375,36.38071176,15.66787961,1039.237711,143.8277217
31-03-2023 14:00,758.9084715,11.37266507,22.3430112,95.18122851,955.1466705,316.2041882
31-03-2023 15:00,763.1487259,8.980778516,38.51468664,78.87189906,1002.715459,364.907274
31-03-2023 16:00,594.0174832,7.318110946,7.233657051,75.77665959,960.7424488,344.2875466
31-03-2023 17:00,931.9089201,4.358917691,7.496426689,25.55744725,970.0742183,367.8838881
31-03-2023 18:00,591.3572144,19.78934772,17.1506255,64.34206912,1040.02165,368.0148151
31-03-2023 19:00,0,23.88535412,9.175094056,57.67524521,999.6791258,484.1626639
31-03-2023 20:00,0,10.34111887,-9.928713586,98.42219612,1025.854492,205.9245003
31-03-2023 21:00,0,23.81051737,26.58860125,77.29045931,956.4384106,445.365691
31-03-2023 22:00,0,20.59494039,27.58585207,61.81856953,991.6826504,59.81317813
31-03-2023 23:00,0,12.02627819,27.34873023,86.57313998,1017.424028,179.6913335
01-04-2023 00:00,0,16.85065448,7.251033331,23.95848438,963.3406481,71.8951019
01-04-2023 01:00,0,10.87460448,16.11447367,11.36948767,982.5817879,343.041782
01-04-2023 02:00,0,13.96808521,7.998675909,72.12100001,956.4547805,95.35566683
01-04-2023 03:00,0,1.451158425,-9.198179998,18.84803142,1015.133994,430.5680886
01-04-2023 04:00,0,17.40658688,18.12244706,20.3890276,1047.089126,340.9662577
01-04-2023 05:00,0,1.320616112,-3.811966696,77.02126538,1032.704549,62.96693047
01-04-2023 06:00,819.8867217,20.42712367,-5.997933795,34.34813597,1047.462312,371.6498144
01-04-2023 07:00,303.7650064,20.62367324,27.77495343,66.5768094,1034.56048,437.9157263
01-04-2023 08:00,563.0030082,5.926932189,-9.524689879,92.56662335,1035.519581,347.5044534
01-04-2023 09:00,605.5440929,8.091569526,37.95042218,38.48270785,1007.71772,63.73589717
01-04-2023 10:00,749.9119301,12.03275946,15.76276821,29.54297421,1001.825231,436.0637968
01-04-2023 11:00,706.6267859,14.91657267,39.15082154,19.59065954,990.6254266,379.6087608
01-04-2023 12:00,848.5765384,7.183841544,-7.100121376,21.74161253,1031.80949,220.3030906
01-04-2023 13:00,235.8011471,14.81216012,19.17647744,15.60004258,968.2067612,197.8836162
01-04-2023 14:00,437.1525798,7.444676831,7.466351799,17.88781409,955.6224916,265.9190816
01-04-2023 15:00,424.107295,1.387268027,32.17412464,48.88041299,1044.789382,440.1957879
01-04-2023 16:00,316.8135245,0.063188746,8.061136762,38.87785405,950.3778185,163.4267083
01-04-2023 17:00,431.3426031,2.528776448,3.024378953,73.59047329,1047.682932,95.43371506
01-04-2023 18:00,447.8122513,19.8062675,32.87765635,88.32174924,1022.885337,439.0863678
01-04-2023 19:00,0,24.03578281,8.732654583,80.62958828,982.849892,61.830432
01-04-2023 20:00,0,10.67415498,-9.158334007,57.7573531,1019.781984,459.94866
01-04-2023 21:00,0,12.81709884,9.514455042,19.21979046,1031.787516,187.5853374
01-04-2023 22:00,0,3.671204227,22.72611345,73.87905555,974.5362056,278.7002158
01-04-2023 23:00,0,13.77578382,2.71797694,42.65458523,1027.089568,109.5329861
02-04-2023 00:00,0,3.61637255,11.59937962,17.70853545,1030.436963,456.0147362
02-04-2023 01:00,0,15.28035828,-7.164243086,85.82197665,974.935463,387.4263005
02-04-2023 02:00,0,23.33146669,19.40463958,40.43948655,954.1926354,465.870014
02-04-2023 03:00,0,4.892463483,27.81474619,29.64239493,970.4122285,357.453073
02-04-2023 04:00,0,19.11409295,10.66562807,88.43068582,970.0646409,133.1121995
02-04-2023 05:00,0,0.58756057,11.01163164,91.19204816,956.5240454,188.7201513
02-04-2023 06:00,777.2094239,9.387431033,-5.585875071,40.50737535,1022.600738,269.0818588
02-04-2023 07:00,270.5012556,2.768712696,0.097043226,41.93212774,987.9974924,323.2661924
02-04-2023 08:00,877.0544102,8.81188604,-2.266234844,62.16656748,1038.438617,466.9067468
02-04-2023 09:00,785.8406165,4.338422991,14.08438843,76.00973444,975.2171106,222.7781596
02-04-2023 10:00,688.7572206,9.332624753,16.46277705,15.68342817,995.3232165,366.3824099
02-04-2023 11:00,856.2343685,10.43807015,37.44700656,63.40092915,1013.901743,482.453982
02-04-2023 12:00,523.2878782,7.51477807,-6.338424786,95.75380556,1037.746495,118.5683285
02-04-2023 13:00,377.2008407,16.41554874,19.99339866,33.58845075,1002.46211,438.219315
02-04-2023 14:00,609.6187113,22.97130128,16.32492637,91.79444927,987.3524628,239.3177317
02-04-2023 15:00,639.0734045,10.01488435,15.8116549,95.51515067,1036.701508,379.5897992
02-04-2023 16:00,630.6610976,4.808578912,33.65796437,34.22382769,981.0246425,182.0922524
02-04-2023 17:00,652.0590332,6.768068955,0.276923535,77.87816793,957.94237,200.2928982
02-04-2023 18:00,958.9639346,21.35002059,-7.961336283,31.48975075,994.5042108,62.20995119
02-04-2023 19:00,0,14.29099308,23.61357538,76.38500456,1028.509331,487.1318689
02-04-2023 20:00,0,11.37527581,7.257873207,81.76779742,953.0780832,416.0536589
02-04-2023 21:00,0,3.740918038,-9.120504189,32.24851333,1008.588224,92.26308107
02-04-2023 22:00,0,11.24318271,2.568700365,74.42825892,1009.446405,499.778958
02-04-2023 23:00,0,6.962300084,5.466338711,83.0894085,1042.854176,322.2610687
03-04-2023 00:00,0,23.5790782,20.84191884,42.27209849,978.6464817,434.1778871
03-04-2023 01:00,0,22.10175274,-1.370710298,25.09324984,977.8836613,79.99734348
03-04-2023 02:00,0,2.097563546,10.6527174,18.27681106,994.0483651,225.2530303
03-04-2023 03:00,0,12.91633723,14.12377222,61.78435332,985.6914901,351.343005
03-04-2023 04:00,0,5.626458638,12.96186957,98.02883074,1023.634586,97.89517341
03-04-2023 05:00,0,10.26942724,38.69703833,84.0655288,1014.175208,270.0062774
03-04-2023 06:00,401.9310504,21.92119996,-7.72478811,49.2255675,1025.892104,249.2050435
03-04-2023 07:00,785.420876,13.187863,37.54840932,58.29588126,1032.004179,147.218101
03-04-2023 08:00,331.7872071,8.355382334,19.0968607,35.15750969,1042.298113,185.1214261
03-04-2023 09:00,481.0847477,5.197208853,29.78638575,24.67592806,993.0936732,485.2032595
03-04-2023 10:00,411.8930063,20.00812149,11.5196309,53.38730424,1048.469739,179.8918187
03-04-2023 11:00,479.8893554,15.61295038,12.69189406,51.71514096,971.5660813,146.0417603
03-04-2023 12:00,766.6592393,11.70163651,33.96632495,56.97369575,1021.436516,291.294127
03-04-2023 13:00,494.2777449,5.437108847,34.79672481,95.7524127,1003.400932,351.9311153
03-04-2023 14:00,644.2106581,8.356159354,1.934444072,64.35057701,1031.690059,376.2919
03-04-2023 15:00,279.9455016,23.99608567,-0.037906071,64.5194653,997.6770521,389.411233
03-04-2023 16:00,844.0141546,13.00224844,14.81175869,21.52222866,1028.393864,66.57462118
03-04-2023 17:00,495.9109005,10.01748203,35.01385136,99.68399796,1043.016871,227.1921802
03-04-2023 18:00,718.8273272,13.03555106,6.11775467,79.55604498,1023.229427,398.2811359
03-04-2023 19:00,0,19.47471265,22.60073077,88.94830097,1027.609429,457.1834458
03-04-2023 20:00,0,8.502723413,25.40758439,47.28703706,956.7175431,320.9900555
03-04-2023 21:00,0,4.467653023,28.93373324,55.19152862,970.4957662,73.53808408
03-04-2023 22:00,0,14.62340296,18.1962229,56.98754282,1047.430374,228.4906126
03-04-2023 23:00,0,16.63010259,10.12275891,27.46850854,1019.3187,83.40220214
04-04-2023 00:00,0,17.81795007,38.35079944,72.05402407,1006.144902,386.8420382
04-04-2023 01:00,0,22.04968977,20.56653767,91.26790513,986.6976373,78.57746118
04-04-2023 02:00,0,9.279353017,26.42826058,24.73352363,954.4389001,133.57898
04-04-2023 03:00,0,1.883872406,7.249142285,17.76864461,986.9135908,237.6312908
04-04-2023 04:00,0,23.95871459,23.49745905,76.4397015,999.8912873,258.1917652
04-04-2023 05:00,0,10.87529819,2.889883108,34.58816485,971.1459509,232.9167651
04-04-2023 06:00,756.5421306,15.58143774,2.254845876,66.14762875,967.3136791,258.528491
04-04-2023 07:00,812.6274342,16.65763308,25.73611009,72.61825042,1000.841655,370.9576184
04-04-2023 08:00,552.9608818,13.66284272,16.06973681,38.97196872,1008.590424,216.1709703
04-04-2023 09:00,773.1810101,5.131438243,24.16383052,83.36301377,973.9917919,296.4877066
04-04-2023 10:00,509.1949783,18.87857625,3.471924537,59.49900839,1008.738947,186.5161659
04-04-2023 11:00,369.0103336,20.09379936,19.93616705,88.20994672,1040.033996,209.1323728
04-04-2023 12:00,706.1416279,13.82438965,12.19668249,78.69641973,997.3173258,326.2095316
04-04-2023 13:00,980.8111405,12.21402901,19.84801434,88.17180688,1035.739017,270.7225932
04-04-2023 14:00,448.4807771,2.848454578,4.543986612,11.81452439,1042.727144,375.3663327
04-04-2023 15:00,568.7756738,2.098791537,25.77254818,31.91556347,959.2394029,302.2423646
04-04-2023 16:00,739.2010969,8.489121139,30.29646831,18.10071464,959.581158,411.6083384
04-04-2023 17:00,633.2050257,7.771153888,2.995823693,49.78747155,997.6044183,249.5336958
04-04-2023 18:00,874.7422366,23.84141127,5.031027993,90.09641095,1008.810244,270.9651289
04-04-2023 19:00,0,19.59056856,23.05771349,52.0786236,992.5883464,351.487107
04-04-2023 20:00,0,16.49810738,24.77925872,86.47417401,982.645077,149.559775
04-04-2023 21:00,0,12.94120223,25.20498422,39.44604142,1014.099412,223.6682916
04-04-2023 22:00,0,4.184188268,24.13492524,40.56130655,950.2081512,331.1785598
04-04-2023 23:00,0,24.4614168,9.640385848,90.60055573,1046.807328,62.99432117
05-04-2023 00:00,0,9.376017456,9.74268372,48.32354319,973.2079088,246.6371451
05-04-2023 01:00,0,2.673140061,2.740881182,81.0788939,1041.709877,319.4824713
05-04-2023 02:00,0,12.34497239,-2.158315005,31.29791931,960.9014745,485.3189894
05-04-2023 03:00,0,21.84995029,24.62886897,95.39207467,973.8087182,444.6574527
05-04-2023 04:00,0,22.18227504,-5.340560701,61.71204219,973.4873701,176.3338788
05-04-2023 05:00,0,0.274147901,36.88961434,78.33912117,1049.61529,278.2445468
05-04-2023 06:00,262.5936789,22.15739362,31.33431518,18.05641298,950.4600546,75.3864677
05-04-2023 07:00,830.495152,6.787105437,32.875287,54.33978032,1013.963821,158.3394867
05-04-2023 08:00,868.3889245,0.974309099,35.33344073,91.0934648,1036.968658,398.6851406
05-04-2023 09:00,330.1217746,21.19475676,10.43024854,88.93347661,1017.227365,105.4913055
05-04-2023 10:00,883.4767862,21.5966689,32.33503617,14.21325615,986.2733818,165.9607362
05-04-2023 11:00,749.4142365,14.905777,-2.096934985,37.33286222,1045.830936,474.8191258
05-04-2023 12:00,616.0661466,14.36084393,-8.91791027,49.89880058,1039.352075,420.7351102
05-04-2023 13:00,864.2001542,20.32800682,29.24456973,25.50383329,993.395492,401.8224707
05-04-2023 14:00,535.3993995,19.65773882,-6.2601676,75.69984799,1007.332849,439.0508706
05-04-2023 15:00,355.195165,22.25263684,39.42623337,26.6060796,1046.751919,387.322559
05-04-2023 16:00,427.8821413,13.81868619,23.73982148,41.19757249,1048.256036,104.2637973
05-04-2023 17:00,604.1312146,24.19117732,27.67248551,69.69525732,994.9823276,282.4525969
05-04-2023 18:00,625.0646341,24.90367077,2.290192814,53.38804101,1034.735003,249.9097644
05-04-2023 19:00,0,2.91361525,23.6932697,76.47139348,980.1980227,190.0182102
05-04-2023 20:00,0,21.23859399,-7.839003137,96.50871111,987.1812873,425.3181844
05-04-2023 21:00,0,12.49555644,31.891286,20.48920189,966.4821883,258.8626411
05-04-2023 22:00,0,9.689158457,-1.518795348,73.86109448,970.9184593,77.13392061
05-04-2023 23:00,0,15.32680775,24.86790334,30.73097401,1015.68733,173.7345127
06-04-2023 00:00,0,1.399138932,1.224025062,47.30290547,1001.078162,152.8794761
06-04-2023 01:00,0,12.66152797,-6.577341529,12.95764532,973.1131861,449.3654982
06-04-2023 02:00,0,21.77226425,14.07468393,22.23166441,990.2909616,341.3471453
06-04-2023 03:00,0,5.336537903,-1.535689486,38.77995601,987.318346,302.1693196
06-04-2023 04:00,0,10.65974737,26.47219942,40.77872248,1048.73602,277.9921588
06-04-2023 05:00,0,23.48702219,1.878292169,90.96266948,1035.356584,342.5508624
06-04-2023 06:00,901.0511759,10.71409595,7.123627812,76.76316183,988.7966333,389.693996
06-04-2023 07:00,438.3838357,8.959190808,18.37196256,97.49646714,1041.391658,299.4731176
06-04-2023 08:00,209.4970773,11.0134162,4.248413879,63.91643593,984.2635392,472.2284368
06-04-2023 09:00,440.5245124,12.98631916,8.89940581,31.75423589,1016.790151,489.5753768
06-04-2023 10:00,662.4600393,15.7997836,30.78108855,39.48895269,1046.665,497.9040425
06-04-2023 11:00,500.7507003,20.01732002,-1.039507522,38.7852331,989.0278864,351.2259995
06-04-2023 12:00,627.8982046,11.30255514,-5.889920526,39.38448949,1017.988497,469.67921
06-04-2023 13:00,901.2784951,20.43702338,6.417889257,70.56677558,979.5923811,232.0158629
06-04-2023 14:00,929.9880434,13.34301653,11.21883835,57.77271353,976.6312316,436.8165761
06-04-2023 15:00,412.7792517,8.462012759,17.13296411,44.68817603,1007.415667,459.1284344
06-04-2023 16:00,569.7123786,16.4487707,8.621184809,23.41807919,1047.92646,456.8632125
06-04-2023 17:00,639.3152122,17.94305637,29.49558501,11.99252466,995.3133849,423.8808273
06-04-2023 18:00,959.2899655,13.95122439,-8.034025617,29.69512098,1043.763697,232.9696227
06-04-2023 19:00,0,1.415374328,11.58837691,19.67242636,1041.436352,121.5083669
06-04-2023 20:00,0,4.247071879,9.112795733,80.69005278,975.3762612,200.2803604
06-04-2023 21:00,0,7.132443022,22.37892454,20.1248162,990.1819407,395.2798562
06-04-2023 22:00,0,7.065640149,38.31381259,75.18054136,1014.330248,154.7984801
06-04-2023 23:00,0,16.83552001,15.51877033,44.70928208,1001.804588,265.2224292
07-04-2023 00:00,0,0.458716542,39.34384235,16.60405508,959.595853,304.4297831
07-04-2023 01:00,0,18.89204443,5.112469746,83.14570445,1049.369803,321.7363531
07-04-2023 02:00,0,6.63356187,-8.456593373,62.16675132,1025.2654,471.0764968
07-04-2023 03:00,0,7.750546155,-1.716841626,31.21853616,993.7694038,347.6718592
07-04-2023 04:00,0,13.1977457,9.756244239,90.52130569,1011.816855,403.8344672
07-04-2023 05:00,0,5.398140023,5.816695459,14.07324825,958.7572817,311.8452566
07-04-2023 06:00,647.9144812,22.11178284,-5.147293451,28.16376474,999.5301654,425.1111435
07-04-2023 07:00,440.7352585,2.134219483,11.63300538,77.6842235,1043.083242,168.6486259
07-04-2023 08:00,333.7074519,11.10955906,6.905788583,73.84401373,1039.660096,144.4449523
07-04-2023 09:00,525.7389909,21.23555674,-3.869038977,36.03445244,983.7380845,466.8440219
07-04-2023 10:00,385.8186918,15.39609736,4.805856531,15.58223878,1003.136786,362.0663944
07-04-2023 11:00,627.8407815,7.308237896,34.32180277,87.2270265,1019.738352,352.1865097
07-04-2023 12:00,359.0628242,10.51900519,5.102443274,38.23278743,984.0009267,260.2828574
07-04-2023 13:00,606.7247813,17.66735951,25.69777116,27.61420734,956.4879218,219.5137667
07-04-2023 14:00,325.9028119,24.33151858,20.60235398,56.44556401,1000.544166,300.0610375
07-04-2023 15:00,736.7797676,22.32846796,11.35905812,91.92044794,1010.163574,104.2548572
07-04-2023 16:00,803.1501476,8.56082021,1.95128184,13.91919201,950.58416,254.6206525
07-04-2023 17:00,288.3153874,24.95494698,8.450734967,78.92236792,959.5575374,254.915467
07-04-2023 18:00,574.2419296,0.087616588,19.60536067,61.52259051,970.7290644,292.2514308
07-04-2023 19:00,0,0.690743895,7.537660737,48.29042049,984.8052287,335.6085265
07-04-2023 20:00,0,20.59601288,0.744821679,76.96723997,1004.105122,480.7932647
07-04-2023 21:00,0,4.986567171,-4.176862555,96.9241982,979.3842919,343.4761072
07-04-2023 22:00,0,1.51923171,33.9883469,30.628559,977.6183814,447.6763184
07-04-2023 23:00,0,5.928701831,12.01564879,22.92826286,1036.934934,300.3367377
08-04-2023 00:00,0,10.65250385,21.26041609,92.15935707,964.5050641,332.1175472
08-04-2023 01:00,0,18.26415676,14.52051806,70.20577697,999.5460133,81.4266289
08-04-2023 02:00,0,15.60838816,33.62832592,49.41874194,1045.282472,109.9686753
08-04-2023 03:00,0,5.940530439,17.34674262,61.59336132,1012.501325,310.8516958
08-04-2023 04:00,0,12.5817612,14.0390709,77.10525147,1021.720548,228.0707915
08-04-2023 05:00,0,23.15535263,36.23004952,79.57287088,993.1236991,409.4647339
08-04-2023 06:00,428.3242322,20.37519442,25.9844798,92.79047627,951.9932167,294.4300437
08-04-2023 07:00,875.3676686,8.079744621,-4.422504633,48.415851,1014.613037,447.0309675
08-04-2023 08:00,545.9170881,24.55661403,-1.11477694,36.4069819,1013.192428,487.5492553
08-04-2023 09:00,862.9337148,17.71551001,29.35614315,67.56978401,961.0427636,116.4358333
08-04-2023 10:00,858.3104546,1.561233892,31.79256606,47.41551094,996.2159714,227.6724882
08-04-2023 11:00,351.0961494,0.879017832,17.25954145,63.51386086,1041.532894,349.2414614
08-04-2023 12:00,760.9129051,4.210198725,17.72276139,47.79872186,970.5084832,187.4699399
08-04-2023 13:00,432.5143754,18.1963967,21.59664814,23.7696208,996.1098755,170.164552
08-04-2023 14:00,437.994136,4.593473146,11.95578871,52.24840765,996.1103185,416.1823523
08-04-2023 15:00,437.0784615,12.78716923,24.00995617,72.18260397,1031.076147,491.1703111
08-04-2023 16:00,780.454598,2.331503005,-4.575937122,81.93554269,1032.457587,398.2114991
08-04-2023 17:00,383.8608334,23.02215395,38.06396212,54.39936491,1025.926942,285.6544803
08-04-2023 18:00,200.7246682,8.59901534,27.50774119,24.87141012,986.5454159,249.1300544
08-04-2023 19:00,0,22.70330141,21.5587102,47.32189387,957.2036925,292.8414742
08-04-2023 20:00,0,23.62189105,5.81610285,80.7664536,984.9482977,258.277866
08-04-2023 21:00,0,0.153216183,-1.952225627,47.15733436,1017.97912,276.2996256
08-04-2023 22:00,0,11.60337968,10.46714819,72.68777142,1020.274657,141.5538727
08-04-2023 23:00,0,0.616401393,23.07883703,55.64923135,1046.500021,456.6838772
09-04-2023 00:00,0,22.71731916,21.68548717,31.71008126,995.3641231,389.5407507
09-04-2023 01:00,0,12.96018862,9.132057753,81.65354572,1013.243558,356.4398402
09-04-2023 02:00,0,1.873600317,20.66431969,17.57921087,1003.919087,477.4662369
09-04-2023 03:00,0,2.756918207,30.68741478,57.24012545,965.061856,177.9774494
09-04-2023 04:00,0,9.587725612,-8.685761383,28.80019308,996.1202472,86.5217349
09-04-2023 05:00,0,23.50585482,12.5310524,16.03590657,1004.483515,421.7623972
09-04-2023 06:00,558.8340395,17.32272879,27.92776142,55.26405434,1045.074961,499.2876336
09-04-2023 07:00,700.9958582,21.69047165,17.30722352,54.96059403,986.6539054,310.2945971
09-04-2023 08:00,317.0984533,9.161416158,22.5738044,73.62108115,1048.00991,76.46422456
09-04-2023 09:00,351.143851,1.080342489,15.83381963,77.02756237,1004.230007,401.2106181
09-04-2023 10:00,887.5476663,24.35794093,39.59372723,75.50123398,974.2469243,83.18707198
09-04-2023 11:00,405.0039391,0.429324767,-7.268923176,46.86028596,969.1664387,293.0062938
09-04-2023 12:00,504.1559984,23.69129133,14.55224109,66.85208085,964.1694917,174.8896134
09-04-2023 13:00,897.0174808,9.216935596,-5.429172544,61.92507184,995.2932871,461.7620513
09-04-2023 14:00,730.5182635,0.252260126,-2.010721894,47.94055805,952.192643,253.099046
09-04-2023 15:00,473.3695035,17.22893079,9.151917521,63.74914248,994.5045283,454.3085068
09-04-2023 16:00,746.9596366,24.5135076,-2.222995425,95.2523089,1048.840469,184.5864884
09-04-2023 17:00,215.7465723,24.14064307,38.1843583,27.36043693,1017.01068,224.3131627
09-04-2023 18:00,788.514128,4.02342528,37.33948884,91.51948862,1025.978612,476.2036347
09-04-2023 19:00,0,4.531195152,6.805482311,14.81099626,961.9005391,140.5915029
09-04-2023 20:00,0,14.13847287,21.9873856,37.75502916,997.3100861,310.3255182
09-04-2023 21:00,0,15.93262066,16.68766603,35.93307238,978.6223101,224.8296479
09-04-2023 22:00,0,18.48544784,30.77934903,66.37285971,1039.409753,398.3750983
09-04-2023 23:00,0,4.526259012,21.37228049,21.81024566,968.1292472,108.183367
10-04-2023 00:00,0,23.97517717,-9.987377275,89.41128507,995.8733327,246.7467361
10-04-2023 01:00,0,15.96848141,28.15871928,84.56962676,1008.804772,364.5196821
10-04-2023 02:00,0,21.17617297,27.34240606,68.68592377,1001.404109,233.1573058
10-04-2023 03:00,0,13.50164288,15.48613528,51.25724486,1033.024353,76.33928267
10-04-2023 04:00,0,10.35692119,35.14594866,93.96604379,973.1453171,367.3005176
10-04-2023 05:00,0,24.42957266,35.42231028,84.76718992,987.739111,276.4392475
10-04-2023 06:00,934.5545268,14.55303427,16.19558384,54.93836333,1029.20843,55.08890901
10-04-2023 07:00,852.1441856,21.67183957,20.39941156,73.1686019,1002.807141,325.6951529
10-04-2023 08:00,983.0848121,23.83230991,39.8261036,61.0236957,990.2117386,463.9464601
10-04-2023 09:00,904.2014186,16.88386568,4.941011741,62.91480145,952.9442515,99.9616767
10-04-2023 10:00,423.9498638,13.72346696,6.230862116,39.78784625,1025.338542,315.8020558
10-04-2023 11:00,284.7647291,0.087771273,-0.861304867,51.58761442,1047.218208,377.9009968
10-04-2023 12:00,289.7928576,1.000491018,34.79334696,17.03092877,1012.028701,81.84815156
10-04-2023 13:00,432.9786549,5.021280401,27.2244195,42.16138225,1035.654122,60.17695617
10-04-2023 14:00,691.3469792,4.650210796,-4.717857556,72.62456638,1001.687574,258.88814
10-04-2023 15:00,843.4562609,6.36896988,39.08836756,95.78944275,973.1680965,406.0340093
10-04-2023 16:00,919.4002456,7.623365942,26.54808541,96.67577015,951.4442104,122.3237345
10-04-2023 17:00,699.0027075,9.001637339,32.52610548,60.01505822,1015.339827,426.4867725
10-04-2023 18:00,204.5050502,10.51344225,-7.592460541,64.59600266,999.3108848,345.4597649
10-04-2023 19:00,0,2.471658461,15.24804595,26.7149067,1028.209815,199.4779795
10-04-2023 20:00,0,1.059048299,24.92991434,72.57772973,1019.468242,282.1216093
10-04-2023 21:00,0,16.84861123,17.14732923,16.35929134,1048.795237,484.5087409
10-04-2023 22:00,0,13.43337062,23.33237328,35.62171172,1001.031258,147.3966368
10-04-2023 23:00,0,11.10360506,30.89370318,70.15270126,992.717479,274.790929
11-04-2023 00:00,0,15.86099853,8.716853148,37.92791184,978.6739689,331.0189502
11-04-2023 01:00,0,20.69198518,32.43343378,14.48621867,997.6861292,112.1065725
11-04-2023 02:00,0,10.69232273,-1.854194762,84.86833684,1037.287148,69.58493988
11-04-2023 03:00,0,16.02798663,3.544302751,37.92970064,954.2439726,56.05697882
11-04-2023 04:00,0,23.8393056,-7.832719004,15.67947024,1047.790005,196.1117855
11-04-2023 05:00,0,20.9906124,8.221340567,16.73093481,1049.330719,83.27628252
11-04-2023 06:00,964.8157684,10.65002026,8.995477241,32.65829189,1009.782138,411.6964786
11-04-2023 07:00,371.7881001,16.11792095,30.26352986,26.02143525,983.1544204,498.7937872
11-04-2023 08:00,613.3314079,4.426773048,22.65653351,79.6870106,972.3048968,77.58671978
11-04-2023 09:00,788.8138947,14.01305462,11.83612791,38.9515642,977.6490396,244.7268242
11-04-2023 10:00,645.4755305,24.53320728,22.60569893,82.42262065,955.0105427,61.57945534
11-04-2023 11:00,943.2167086,12.95787788,-7.360832474,25.6461398,997.5110958,110.2959008
11-04-2023 12:00,502.3746845,23.19095748,-0.986423199,54.35912616,955.7324271,195.3151524
11-04-2023 13:00,570.9406446,10.18337301,21.34739276,71.92334202,1021.847421,227.1641959
11-04-2023 14:00,270.8178522,24.97112068,22.06834096,68.67917685,987.1929456,472.9023259
11-04-2023 15:00,687.1992888,14.48050088,28.70673294,64.10164689,969.9364732,228.1265639
11-04-2023 16:00,430.5695748,1.056724856,10.14998795,93.23394417,1004.485356,273.3249466
11-04-2023 17:00,328.2472316,14.66886992,26.12770483,30.56726329,1047.375931,160.5125157
11-04-2023 18:00,635.6250343,6.864317392,24.19901663,54.4347284,1019.513105,50.05631244
11-04-2023 19:00,0,0.812033051,38.16966892,89.55932951,999.174685,454.7005055
11-04-2023 20:00,0,20.52133262,0.756511321,17.0104389,1027.69143,86.77164067
11-04-2023 21:00,0,6.893240925,17.58397819,15.02994414,1023.747647,483.9119785
11-04-2023 22:00,0,19.91371385,20.08822211,30.99720588,1039.173546,108.8798468
11-04-2023 23:00,0,7.205439574,39.93239425,66.97190976,970.4668948,322.1953163
12-04-2023 00:00,0,4.858158847,0.059207108,33.38916638,1035.887758,499.7347645
12-04-2023 01:00,0,24.34838935,16.160901,27.12158954,980.1026087,112.3090682
12-04-2023 02:00,0,9.041133194,7.309265386,51.29220838,1044.099893,240.7743882
12-04-2023 03:00,0,15.03440529,16.29464843,65.22382619,978.1065149,401.190651
12-04-2023 04:00,0,15.24953732,1.606430105,32.37019363,1042.684854,64.48556743
12-04-2023 05:00,0,14.01183705,-7.619381079,37.06220681,1046.379071,360.402238
12-04-2023 06:00,951.2869586,22.86739359,18.62827269,65.22033743,964.5491357,86.16800205
12-04-2023 07:00,737.3958724,16.86102678,6.792715793,95.11645798,1047.449988,156.434064
12-04-2023 08:00,259.7967229,10.0933251,-0.902929913,70.72675547,958.5722968,122.0342731
12-04-2023 09:00,568.5479788,21.55950961,6.196778304,80.46137292,971.8567787,458.3013942
12-04-2023 10:00,912.6593052,4.526572478,-7.535989928,43.01290853,994.4168781,131.2055226
12-04-2023 11:00,275.5699406,13.60591894,37.5221117,34.50289234,1049.359737,68.19534298
12-04-2023 12:00,991.1005697,23.7637593,19.05739575,50.88409689,998.8563051,314.4315553
12-04-2023 13:00,959.2555149,15.63494075,30.73843407,82.64195458,1005.040944,205.7814164
12-04-2023 14:00,262.6195846,20.42421126,11.15590988,51.06696776,1019.442495,232.5677993
12-04-2023 15:00,946.7306564,16.33901814,35.16573338,86.20528679,1046.829356,103.5782352
12-04-2023 16:00,490.5060722,20.98427159,14.16591108,98.98947826,1028.33514,386.7055211
12-04-2023 17:00,875.7673337,23.612197,18.69726611,16.48239992,972.4154004,320.6991423
12-04-2023 18:00,534.7066702,6.823043188,14.589699,14.08691405,980.2990931,213.8976701
12-04-2023 19:00,0,4.241527031,26.66391479,23.46307326,959.762824,127.2087247
12-04-2023 20:00,0,12.09976876,18.33280388,44.59327082,1014.445236,317.0532826
12-04-2023 21:00,0,17.54656067,3.579946179,21.79379882,968.0740307,400.3687758
12-04-2023 22:00,0,5.67978133,-2.723023434,88.35980299,975.7404888,190.5787777
12-04-2023 23:00,0,0.102536261,20.30621944,12.08316259,1038.811366,61.63717259
13-04-2023 00:00,0,8.573377896,14.45899808,38.42134447,982.6755675,146.4547931
13-04-2023 01:00,0,24.22148339,-5.201215165,26.62251665,1006.664672,357.0790185
13-04-2023 02:00,0,17.37418652,9.78087329,93.83853971,989.7566009,495.0933699
13-04-2023 03:00,0,10.0331361,15.7388211,70.25329044,957.4031287,56.01930773
13-04-2023 04:00,0,4.814402434,31.34466169,92.08272308,986.286383,187.769103
13-04-2023 05:00,0,8.902241844,-6.194947208,97.50958393,990.8068203,77.9093917
13-04-2023 06:00,316.5029908,4.245985833,7.424767412,54.73884193,1039.57011,192.3571795
13-04-2023 07:00,226.7503884,2.657645533,31.13280614,31.08871972,982.4450654,232.6614544
13-04-2023 08:00,576.1992683,22.66855931,22.42119659,27.43559076,987.924112,464.3879414
13-04-2023 09:00,963.5581559,24.94125846,4.49791609,30.06269755,1028.289677,86.25235973
13-04-2023 10:00,292.5401789,4.10286099,32.2667561,73.77339769,1025.895665,399.7103239
13-04-2023 11:00,957.0115944,1.363063972,14.66467903,13.64011553,1029.828528,227.9904782
13-04-2023 12:00,786.6892118,8.243277679,14.91759457,14.62249657,1045.377074,415.0682824
13-04-2023 13:00,709.9990423,11.54147952,38.82936696,64.73286481,1029.55575,281.0309834
13-04-2023 14:00,716.2222043,5.120531177,37.35582516,67.78514321,990.7608203,67.67691748
13-04-2023 15:00,861.3821187,7.535622795,7.926634168,69.87366319,1032.150852,475.7926481
13-04-2023 16:00,285.5358915,5.021768392,-2.971043567,43.46924541,1000.867463,87.23032855
13-04-2023 17:00,603.8034589,19.35651421,6.283336614,82.53503998,977.7714033,318.9575761
13-04-2023 18:00,757.6729106,17.81444858,-8.475836984,58.0262129,980.2917068,444.9504933
13-04-2023 19:00,0,15.87378789,-8.961605664,19.4919067,972.3842389,85.89640899
13-04-2023 20:00,0,9.680446427,9.776106813,81.73893764,964.4992958,299.2520248
13-04-2023 21:00,0,22.72602353,37.05099113,95.77610076,968.4490412,420.930444
13-04-2023 22:00,0,24.23831354,33.56786706,15.40326817,956.317805,493.8461189
13-04-2023 23:00,0,4.340982816,15.5721417,45.22162048,1038.845086,375.9473304
14-04-2023 00:00,0,5.575316035,18.26131906,53.87644404,1043.100781,175.250469
14-04-2023 01:00,0,13.1407757,-9.703325163,23.18236841,1008.677039,364.8066484
14-04-2023 02:00,0,2.281264232,0.775057792,88.0938053,1034.048956,367.5950462
14-04-2023 03:00,0,10.91120997,-8.761293653,35.57346804,968.3571103,364.9847054
14-04-2023 04:00,0,14.54478162,27.72697663,80.47076859,1040.167383,434.4171967
14-04-2023 05:00,0,13.05183928,-2.717710199,70.38950338,1000.636156,89.32102813
14-04-2023 06:00,521.7251055,8.272714577,33.45235512,63.82412402,956.7164993,98.78893044
14-04-2023 07:00,281.9155702,13.56114515,22.16621568,27.29285638,964.1312744,338.2777059
14-04-2023 08:00,249.2045892,23.97002386,1.470933826,29.86331685,980.8976461,479.2464932
14-04-2023 09:00,241.0674971,5.150435107,-2.113984146,14.26135643,954.355758,259.6273875
14-04-2023 10:00,504.1201136,16.37078396,21.38123505,31.66411868,980.9293378,482.2532157
14-04-2023 11:00,469.7902007,1.084917354,35.04184901,41.08992485,955.9930433,472.1383668
14-04-2023 12:00,774.3496189,1.660410112,25.91801095,84.98307735,973.6027605,456.3093822
14-04-2023 13:00,794.2572013,13.79570561,7.42733258,42.97534,976.5669756,459.4329387
14-04-2023 14:00,240.6831751,2.623479508,19.36917976,77.91596045,1049.436898,454.243457
14-04-2023 15:00,376.8986103,0.558669711,5.538084769,49.54980532,973.5546674,418.9502226
14-04-2023 16:00,419.4094801,4.287824941,39.95747834,80.63814808,973.9186449,362.7405314
14-04-2023 17:00,638.0895873,14.12122927,27.44195942,97.86444404,1018.678897,60.98368037
14-04-2023 18:00,315.6121791,17.58352386,20.71908199,31.58574023,1035.935748,109.5141165
14-04-2023 19:00,0,5.061964104,11.16295714,87.61074508,988.7055413,110.4044245
14-04-2023 20:00,0,16.70648593,20.90761451,65.96416777,1037.561802,60.59312793
14-04-2023 21:00,0,4.561908277,7.080803123,83.55648354,984.0142021,102.5157958
14-04-2023 22:00,0,15.33643567,-8.556758027,68.6427312,969.701588,463.8858951
14-04-2023 23:00,0,10.298992,9.754426118,48.15545565,982.9638824,348.7119291
15-04-2023 00:00,0,16.34498773,36.52404098,30.52674455,1010.935637,190.4328582
15-04-2023 01:00,0,24.87631881,21.31505474,16.30317028,986.7143159,407.0120055
15-04-2023 02:00,0,23.44542413,-5.802214846,58.1966528,1017.28938,269.7662691
15-04-2023 03:00,0,0.107043946,34.24968067,99.12934851,973.6935879,113.9571666
15-04-2023 04:00,0,22.13596911,3.443742467,76.42376245,1020.099289,448.0259366
15-04-2023 05:00,0,1.662269879,2.188474654,39.46109873,984.7438363,202.3978758
15-04-2023 06:00,410.3393981,23.82616465,4.854548439,84.44843201,995.5868372,364.4866537
15-04-2023 07:00,500.3988976,7.045641977,18.86011181,79.20856002,1005.774514,180.7673722
15-04-2023 08:00,598.2052509,9.55087076,17.23440467,35.3472214,1018.6225,275.0320628
15-04-2023 09:00,474.4924131,2.290955129,14.57068773,11.28767408,973.8713692,417.3137202
15-04-2023 10:00,393.5246181,2.806818958,25.87684318,20.63463747,1033.594554,120.5498059
15-04-2023 11:00,518.801623,18.16851413,5.826886567,88.95755713,1022.184275,489.7631279
15-04-2023 12:00,215.3383286,23.60830589,29.10322608,85.29067318,973.4097919,81.59716529
15-04-2023 13:00,817.9982769,15.26871237,-1.233916081,36.56881008,1047.497456,290.3040094
15-04-2023 14:00,336.7559149,17.89625039,29.13103945,35.66758837,1016.479699,462.2114837
15-04-2023 15:00,235.1236909,19.04924361,23.19050526,81.35784884,995.2426886,475.5622482
15-04-2023 16:00,722.9589543,6.570356864,24.16041548,94.39637229,965.7527326,154.4490333
15-04-2023 17:00,819.1489031,1.130740773,14.07766986,80.12235311,1003.3221,114.7932415
15-04-2023 18:00,851.0633053,0.046818598,23.35007663,64.50208093,966.4775887,375.9813501
15-04-2023 19:00,0,8.766232074,-6.010147672,31.84042153,992.9491679,68.88810572
15-04-2023 20:00,0,6.036605705,32.57755585,57.31731227,990.8712523,268.3575361
15-04-2023 21:00,0,1.557943126,-7.222638326,31.01606727,1021.993964,408.3598521
15-04-2023 22:00,0,4.488207312,-2.562924506,82.72102781,969.2383181,302.114626
15-04-2023 23:00,0,3.112472457,18.83948542,44.82649716,1032.187135,134.6059696
16-04-2023 00:00,0,22.87195952,26.97057277,85.03274953,982.6132327,269.1699348
16-04-2023 01:00,0,3.506680336,-6.187421783,44.34482962,994.3988627,464.5736224
16-04-2023 02:00,0,13.4412116,36.03824071,84.17344647,1027.234098,327.7458401
16-04-2023 03:00,0,14.82764888,38.68038244,39.99860336,1012.53924,374.6707824
16-04-2023 04:00,0,13.58723644,20.29750865,49.61194342,980.8025352,201.3187458
16-04-2023 05:00,0,2.476410855,14.06217277,65.39395774,988.6202925,134.8176988
16-04-2023 06:00,777.8489347,7.969959044,27.06974861,16.32588526,980.5786814,165.0390035
16-04-2023 07:00,352.3655976,1.281758312,6.417867616,95.33863556,1009.477017,289.9299172
16-04-2023 08:00,553.7249105,9.891747852,14.66322171,61.62452075,983.2624533,176.0990691
16-04-2023 09:00,257.2024195,4.714973282,35.80755134,55.70380132,1022.569769,293.8841543
16-04-2023 10:00,511.7259378,14.04081333,37.78277126,85.5454574,1007.978716,368.5063673
16-04-2023 11:00,793.2824158,17.32020985,36.3534558,87.91864569,964.5706612,380.4781443
16-04-2023 12:00,509.1546807,13.30299651,3.122403348,57.00343641,981.0268619,124.1082228
16-04-2023 13:00,464.2353404,10.85591742,1.623452011,93.45360932,972.1447442,387.693882
16-04-2023 14:00,676.284578,9.683335521,4.883225296,15.82639895,989.0313213,352.7096628
16-04-2023 15:00,897.7636232,21.0422942,12.06555562,20.1903213,1001.598409,55.40231002
16-04-2023 16:00,238.066554,5.484201627,5.70837064,63.7109407,1000.676286,76.49247879
16-04-2023 17:00,508.3763478,18.35545849,8.710639787,41.86592756,1025.452368,340.8122758
16-04-2023 18:00,326.5925935,18.93705812,21.03184761,51.78026496,968.9171864,222.6667548
16-04-2023 19:00,0,10.48000018,28.12628385,39.52712961,1044.647283,115.7467998
16-04-2023 20:00,0,7.432514981,26.77790991,46.42527803,984.2845107,69.97845163
16-04-2023 21:00,0,11.76353715,30.72117835,84.03817124,980.0248847,121.7292533
16-04-2023 22:00,0,2.330348147,-8.390779839,63.41285799,1018.517858,480.8812839
16-04-2023 23:00,0,1.148250806,-7.613310516,99.76100944,1030.551663,377.4045387
17-04-2023 00:00,0,2.790079986,29.46914803,80.8191278,987.8471765,287.4674394
17-04-2023 01:00,0,4.678625787,16.65394112,34.62996287,1024.684697,473.693225
17-04-2023 02:00,0,12.60442051,18.90703369,33.7910606,1038.373596,328.599697
17-04-2023 03:00,0,21.2284159,-7.370656989,40.23084431,1026.680367,376.5403347
17-04-2023 04:00,0,5.8910583,2.765690059,85.89335326,953.4196486,177.1933183
17-04-2023 05:00,0,23.37905027,21.91771524,12.45588856,1032.736891,315.0418296
17-04-2023 06:00,457.3299771,23.87269772,32.95909451,30.7163151,1027.448096,114.5647599
17-04-2023 07:00,305.729422,23.97261512,35.84916986,91.44265783,1016.929024,232.0174153
17-04-2023 08:00,501.1100302,20.93906837,15.02097479,67.59067925,1026.002242,64.95814624
17-04-2023 09:00,737.8103519,9.09562602,17.27371164,30.4162386,1047.94254,147.4826394
17-04-2023 10:00,825.9166469,1.817097775,31.65248155,29.72304714,993.1112888,83.69088324
17-04-2023 11:00,624.6004819,14.22046829,16.88123004,87.63562916,956.7223235,224.5004688
17-04-2023 12:00,671.8675156,13.9670361,15.84292628,90.43817574,996.088997,429.3658241
17-04-2023 13:00,360.4930969,21.24939418,35.25420189,33.05179819,954.6433655,220.0703479
17-04-2023 14:00,429.8642666,24.89977627,29.49663605,47.84593223,979.4250408,424.2378317
17-04-2023 15:00,329.516488,12.70393266,35.45362632,85.11361648,1008.687979,345.4242407
17-04-2023 16:00,399.43628,8.630100776,0.912352739,79.39066947,980.9622893,279.288251
17-04-2023 17:00,379.9094242,4.647542789,16.21877433,83.25244959,1018.539525,156.601262
17-04-2023 18:00,615.5590291,0.11999562,32.12360643,56.65583717,1032.198633,464.9702418
17-04-2023 19:00,0,12.72784231,-4.442608627,92.03941435,992.0439179,74.39036398
17-04-2023 20:00,0,13.88796667,29.73310771,39.33563896,1040.013795,360.010858
17-04-2023 21:00,0,20.623462,-0.851330829,24.10049209,957.9838931,329.5579518
17-04-2023 22:00,0,12.6144242,30.40593775,73.78590993,1034.011316,248.468685
17-04-2023 23:00,0,22.91170872,20.60004688,58.54189744,1032.857315,158.1444299
18-04-2023 00:00,0,15.70208691,-0.338200426,86.91271919,982.1993896,243.8131716
18-04-2023 01:00,0,21.00840596,13.66770897,17.30433242,979.8715187,442.7477265
18-04-2023 02:00,0,3.70754337,24.09525832,85.93231631,980.5094981,426.5447496
18-04-2023 03:00,0,21.38340326,21.69264504,36.39651879,1031.139371,473.6215625
18-04-2023 04:00,0,16.87859636,11.36235981,68.93701005,1033.165349,188.506943
18-04-2023 05:00,0,4.255825811,34.96832645,13.61159102,982.9722459,224.1968713
18-04-2023 06:00,238.0142058,4.744088954,15.96317072,64.86231667,1009.259035,58.4267687
18-04-2023 07:00,375.436226,23.16251548,15.29336493,74.55445203,963.8933229,474.3274976
18-04-2023 08:00,764.9859988,0.805384011,-6.887470503,43.18751931,996.8778738,198.2255413
18-04-2023 09:00,826.1212503,11.56337358,36.10601949,29.38696347,1049.879285,231.8737197
18-04-2023 10:00,564.254728,7.836882248,-1.144171566,58.38676089,965.8839148,458.5120752
18-04-2023 11:00,758.4594708,16.626936,16.41723467,84.9871724,1044.756264,286.9692936
18-04-2023 12:00,510.3617349,20.99073469,30.17838007,39.11926225,1032.425472,304.7785438
18-04-2023 13:00,327.930596,9.009453039,0.772663848,32.72223678,1047.221465,129.3047772
18-04-2023 14:00,518.5195948,10.67255218,16.3686645,35.10417778,967.9578761,274.3970094
18-04-2023 15:00,663.9742562,24.54794461,2.034245461,95.42189376,971.351849,463.1938704
18-04-2023 16:00,958.4426255,19.59791274,27.98474989,42.33492242,951.6867182,301.4231396
18-04-2023 17:00,255.0007617,22.43010327,18.21705839,10.32438159,1022.470181,164.8023641
18-04-2023 18:00,605.9152751,10.96905552,32.79879302,80.35130872,1014.409469,64.03138886
18-04-2023 19:00,0,5.8519051,34.72790014,72.93473158,967.8065438,201.3357981
18-04-2023 20:00,0,10.29658663,22.43667412,21.57114381,1029.114497,307.6659113
18-04-2023 21:00,0,17.90229795,26.26956231,98.64138242,979.9195506,69.17597977
18-04-2023 22:00,0,2.735760121,17.46100499,64.72560568,963.4995569,324.4066598
18-04-2023 23:00,0,6.76172764,9.221436653,55.07015418,992.2562665,285.5362222
19-04-2023 00:00,0,1.165897512,22.40589615,44.39973409,959.0969848,402.5459611
19-04-2023 01:00,0,10.80869346,35.41443117,90.880548,976.3243656,62.99967752
19-04-2023 02:00,0,20.6861434,10.83401902,31.95671333,987.1333358,401.3813052
19-04-2023 03:00,0,0.616592207,5.720501319,35.71920102,1035.186417,284.3946706
19-04-2023 04:00,0,16.88308817,9.421846928,21.0169726,1029.254874,216.7381998
19-04-2023 05:00,0,23.31239686,11.76988151,78.3207186,994.2754286,484.4223394
19-04-2023 06:00,973.7705654,5.923196538,-6.321948551,63.59943524,1022.457506,122.0537963
19-04-2023 07:00,550.9243051,17.34087102,14.92209202,64.81595523,1006.864964,293.5963036
19-04-2023 08:00,514.682271,24.37754753,14.7157124,29.66233879,984.0841855,194.4416631
19-04-2023 09:00,877.2406207,24.0569515,19.42219138,68.60515502,1022.587434,287.3688705
19-04-2023 10:00,541.5242565,5.873229826,8.141001524,78.89126025,1018.349915,298.5239537
19-04-2023 11:00,641.6145378,2.50827633,20.6553798,42.20996777,1011.909444,90.25171179
19-04-2023 12:00,384.7533317,3.707063447,33.91081551,82.12124296,1011.795552,347.5108161
19-04-2023 13:00,794.8020286,17.55089171,37.77354952,41.39115297,1018.298199,335.5166732
19-04-2023 14:00,625.5906546,18.14397189,19.18061081,78.23246154,988.4545513,396.2602736
19-04-2023 15:00,847.2276402,16.85591404,-7.870452301,13.03570967,1036.907582,90.79632215
19-04-2023 16:00,824.586184,8.401959694,38.46179986,59.60481413,966.2307845,183.7663461
19-04-2023 17:00,372.0038146,4.244423494,25.29310304,97.25739046,1038.388546,342.5497699
19-04-2023 18:00,772.5084404,14.5190273,6.798182428,98.31201406,984.2281843,111.5288717
19-04-2023 19:00,0,12.09201114,-2.642114952,35.35773205,962.5031616,354.9191949
19-04-2023 20:00,0,18.22085368,-2.829069388,49.7259182,1010.00274,76.56201987
19-04-2023 21:00,0,11.03400197,-1.612779693,15.66801172,987.5986669,200.7191988
19-04-2023 22:00,0,8.465992367,-7.721373919,88.60071768,1031.549973,431.020005
19-04-2023 23:00,0,7.336964434,35.10770943,61.17149378,993.0785469,398.4310807
20-04-2023 00:00,0,5.286758001,17.03841164,44.6590611,1016.856253,340.1423219
20-04-2023 01:00,0,6.643659405,24.99797064,20.14935026,980.825799,441.7062875
20-04-2023 02:00,0,2.370760971,31.40542546,95.20905569,970.9452375,369.1712949
20-04-2023 03:00,0,8.671425273,29.57705032,57.7197143,988.8049031,283.7187973
20-04-2023 04:00,0,0.914245309,34.13028119,35.46351362,1010.680783,490.8728752
20-04-2023 05:00,0,4.660346179,38.36273113,41.51936171,1015.694674,362.6852359
20-04-2023 06:00,584.5712452,18.66926112,11.95353074,34.36274628,1007.820667,320.6152296
20-04-2023 07:00,599.080819,8.136724717,37.51677333,64.1628828,1048.805572,233.9917524
20-04-2023 08:00,372.068183,16.70592542,26.16449742,93.69672182,1019.109019,456.0856244
20-04-2023 09:00,417.4885814,17.92210439,-6.466590485,87.1024423,1043.151963,183.069093
20-04-2023 10:00,335.7641913,14.52963357,24.08915606,51.43427879,961.7933195,54.14881739
20-04-2023 11:00,774.7681427,23.96744353,24.33583298,84.38494261,956.137293,138.5332351
20-04-2023 12:00,816.071225,0.535996666,35.29302819,48.07949331,981.0994702,99.28287137
20-04-2023 13:00,569.862798,18.46631626,8.646606624,32.70764267,963.6588938,193.5471984
20-04-2023 14:00,771.2696181,23.9696661,19.24557501,98.50736037,1002.586853,421.6454049
20-04-2023 15:00,788.7483135,21.55679323,-9.390622449,37.34988112,1001.898125,343.1883584
20-04-2023 16:00,310.6204221,4.197317295,6.603762109,39.13518079,1007.504717,126.0412652
20-04-2023 17:00,972.9424199,8.170507656,-6.887813692,99.0723581,1024.522788,404.9697745
20-04-2023 18:00,856.8255577,4.311295997,16.09364864,22.05347438,1047.13297,276.8989397
20-04-2023 19:00,0,15.0327091,30.87238253,78.44805892,1037.825869,280.7215809
20-04-2023 20:00,0,17.80469955,0.322134606,94.22314826,961.836724,212.9504814
20-04-2023 21:00,0,7.926844234,16.37205228,56.06154948,983.8513689,439.0773642
20-04-2023 22:00,0,13.48766435,0.200431826,10.22695855,975.5823025,193.2472867
20-04-2023 23:00,0,17.27301425,-3.965576608,43.75530497,967.6817358,92.3628923
21-04-2023 00:00,0,10.53349542,15.5498396,20.04120931,1004.472488,186.2280473
21-04-2023 01:00,0,21.35038826,-6.042568953,47.45688948,1005.32644,371.9090958
21-04-2023 02:00,0,19.28874838,19.36773156,81.10240855,972.7244828,345.9118491
21-04-2023 03:00,0,1.616638596,-8.433126966,49.4840394,1021.189725,134.6077191
21-04-2023 04:00,0,15.52813248,-4.664251407,48.87326092,1023.29143,100.3029346
21-04-2023 05:00,0,5.883138774,17.49987427,60.11105292,952.0979995,347.3895913
21-04-2023 06:00,449.4221174,13.93795662,19.57037064,62.35215263,989.5757704,354.369576
21-04-2023 07:00,710.2577434,23.92221107,-8.550653495,87.06666779,1039.014064,214.7673367
21-04-2023 08:00,207.4759628,21.97655011,18.6688394,37.75198953,1002.031861,429.2606226
21-04-2023 09:00,226.3815549,10.11291008,31.92512627,83.95041379,984.7627801,490.1923417
21-04-2023 10:00,881.510386,7.287846459,26.11580886,60.93403738,975.3676152,142.5403506
21-04-2023 11:00,747.2198894,5.86014361,-3.440744804,37.04765947,974.335452,309.6809221
21-04-2023 12:00,412.2957865,13.31287174,19.62373238,36.56134396,959.9768034,52.40584805
21-04-2023 13:00,750.3702721,2.856211331,23.612625,42.50237654,1031.722642,370.8744782
21-04-2023 14:00,833.9653353,13.7318752,-8.138439912,66.04239184,958.6657405,236.4269511
21-04-2023 15:00,445.4354265,0.033340987,32.76738343,30.77305582,979.2294766,136.9711521
21-04-2023 16:00,228.829902,8.096240769,35.31336986,92.83002055,954.5675739,388.4998648
21-04-2023 17:00,946.2232998,5.498357846,32.52261367,61.74213258,1028.138657,414.7919589
21-04-2023 18:00,476.1438706,24.28046975,31.2315734,92.80141993,953.9283682,100.0249255
21-04-2023 19:00,0,18.18105799,27.24825992,14.17639227,980.8301104,68.44809283
21-04-2023 20:00,0,8.741334512,21.67160156,40.83502334,1007.329737,200.3352988
21-04-2023 21:00,0,2.321127163,23.93135025,12.05268946,990.956136,331.6957096
21-04-2023 22:00,0,12.92001487,30.31976467,34.50266336,978.2271067,407.0387872
21-04-2023 23:00,0,5.336197033,23.12492292,87.5805825,977.5189072,295.7281235
22-04-2023 00:00,0,13.41073865,6.386347834,13.29487443,1029.779031,311.3369493
22-04-2023 01:00,0,20.88405885,8.798055108,49.25323899,1047.39781,409.9361998
22-04-2023 02:00,0,15.3948138,34.85287342,20.58103634,984.804107,287.9795184
22-04-2023 03:00,0,15.84471049,-9.14389571,47.51565933,953.9145514,325.0195206
22-04-2023 04:00,0,13.52575723,24.94102906,85.49664258,953.6565778,282.297803
22-04-2023 05:00,0,23.18164082,37.73887762,66.07639301,1025.921342,446.206205
22-04-2023 06:00,976.6833583,23.29756711,25.3114085,76.30807108,1005.236982,155.9824784
22-04-2023 07:00,957.9817875,12.81808003,39.69559941,41.41937039,1028.359266,168.797113
22-04-2023 08:00,907.6575896,7.643987179,24.37724528,94.99579255,1019.749701,107.5826577
22-04-2023 09:00,371.6452171,11.48967515,-8.281848539,73.83358844,1040.750635,418.7600382
22-04-2023 10:00,707.2440448,4.663947805,31.35049408,47.96189374,1038.582429,235.2997808
22-04-2023 11:00,808.7131784,15.90860788,4.231495597,48.38183202,1028.83274,206.5522734
22-04-2023 12:00,988.8223426,12.50230839,12.30286128,92.68157601,997.518916,491.6069227
22-04-2023 13:00,344.3390577,2.582511945,5.604595795,61.87642241,980.8126408,467.0615149
22-04-2023 14:00,812.8207196,4.941194528,3.42770531,73.57412889,1000.702679,487.394457
22-04-2023 15:00,471.0409359,11.9907989,11.57028518,47.53317021,1000.207161,114.0345485
22-04-2023 16:00,340.5011725,22.18972477,8.937572422,30.13234883,1011.027555,451.0633159
22-04-2023 17:00,537.101553,14.15976802,21.66692909,75.12033628,968.6097568,197.9193197
22-04-2023 18:00,835.0687297,17.03837501,30.65756005,64.70413949,1015.561988,55.6955466
22-04-2023 19:00,0,8.475713744,4.854432659,55.12085924,995.6600924,226.0842512
22-04-2023 20:00,0,14.28528483,0.686057641,66.1618846,1012.020483,279.1383589
22-04-2023 21:00,0,11.18449557,23.34476354,28.74570275,973.9604823,98.69919061
22-04-2023 22:00,0,16.47824782,23.51600329,81.45448359,993.4394894,291.9549276
22-04-2023 23:00,0,1.264389152,35.05656196,95.33465245,971.0201214,418.7586129
23-04-2023 00:00,0,12.33250541,-9.202715677,90.19928298,1037.530516,219.9429279
23-04-2023 01:00,0,7.399815629,32.65203311,38.92921708,998.7961045,208.6901629
23-04-2023 02:00,0,8.154626532,16.05010865,46.5405196,972.4981416,202.4646891
23-04-2023 03:00,0,24.02293579,21.06510446,82.75620698,954.1208696,465.3925006
23-04-2023 04:00,0,4.567370318,-5.431427972,63.56054177,1017.573866,71.94114446
23-04-2023 05:00,0,7.781131314,11.63074664,59.31229993,971.4644714,250.2842639
23-04-2023 06:00,271.3652471,12.74731439,1.365120362,93.39777708,1048.958219,169.0697544
23-04-2023 07:00,368.9264299,21.5756737,2.711251504,58.24224649,1003.370037,452.2131614
23-04-2023 08:00,601.7053127,10.41675208,15.20475573,56.34448116,978.8976996,93.22351861
23-04-2023 09:00,216.0093789,18.59663202,30.62279752,13.78167321,1015.767743,235.149245
23-04-2023 10:00,402.283983,21.40935246,27.18904651,16.24752627,977.5219923,233.0672684
23-04-2023 11:00,613.9210319,7.750408896,19.54999795,10.66782771,1032.027429,449.7774879
23-04-2023 12:00,211.9689586,9.818754588,16.97090964,92.19198032,980.8236051,146.9720503
23-04-2023 13:00,411.637029,8.913905592,11.36530216,46.7547994,1048.824773,340.2029346
23-04-2023 14:00,611.2246556,20.82139522,38.63549868,52.17052385,1010.514479,110.4827571
23-04-2023 15:00,658.5193984,1.108671549,18.00962771,86.08482528,1034.441115,479.2890713
23-04-2023 16:00,940.6013544,7.710527221,2.698319916,64.83216793,957.281547,316.8567317
23-04-2023 17:00,716.2764986,16.98521394,1.504539602,64.85514368,984.8299417,331.8155286
23-04-2023 18:00,531.788642,14.13608749,20.56765154,36.68809864,1023.748709,245.1980307
23-04-2023 19:00,0,10.90723398,16.14137637,85.05175365,1015.505902,204.0272207
23-04-2023 20:00,0,13.49870568,-9.615109852,24.92469784,969.4243121,145.7043933
23-04-2023 21:00,0,4.939614646,31.50326861,14.7834633,985.6202931,321.7944892
23-04-2023 22:00,0,10.76791554,25.20611771,27.24430218,976.3443407,479.5527854
23-04-2023 23:00,0,12.5425746,23.09146448,34.09634969,1011.337017,211.9059293
24-04-2023 00:00,0,22.52972805,-6.560967115,35.40799521,984.4568229,447.4205999
24-04-2023 01:00,0,6.52087907,8.102792509,70.34622388,980.9054242,116.9493408
24-04-2023 02:00,0,21.69571255,36.76911304,29.60421286,970.737798,471.2567094
24-04-2023 03:00,0,16.10603502,33.12946207,70.8992474,990.9027121,207.7188278
24-04-2023 04:00,0,0.508520777,4.277146893,18.20189559,969.550259,220.8772452
24-04-2023 05:00,0,18.11578342,-2.147055795,23.2482215,1046.256959,258.2790157
24-04-2023 06:00,290.4846052,0.888796939,12.45439786,55.79393036,965.4501811,373.2099215
24-04-2023 07:00,862.6188519,24.93452817,7.791518933,92.97062223,1041.330471,373.8440452
24-04-2023 08:00,401.4826899,21.81591719,24.11131884,87.36108299,992.8473098,265.8148631
24-04-2023 09:00,821.8417185,7.433593689,38.3217405,97.18780982,987.7865992,285.4188047
24-04-2023 10:00,965.6856768,6.435280755,8.150072499,68.54311588,973.1319801,63.5047195
24-04-2023 11:00,757.4364112,9.536027053,-6.888791367,70.82333798,1013.575633,186.9335157
24-04-2023 12:00,676.8241288,8.904174133,34.88070042,66.2520699,1018.552802,205.7076834
24-04-2023 13:00,568.3089405,9.30844546,-8.102513488,66.05370306,996.7570962,301.4272709
24-04-2023 14:00,491.5278928,7.956913653,37.63829486,23.24083106,955.5706896,301.2348953
24-04-2023 15:00,482.4038008,15.52833517,23.2289714,58.93650605,1041.851015,369.454909
24-04-2023 16:00,709.0981646,4.106591593,37.08446042,44.74611401,1048.032913,372.6622833
24-04-2023 17:00,801.0184936,21.14953231,-0.017015668,49.82834942,993.1043415,155.8448259
24-04-2023 18:00,742.8136556,20.3100621,-7.965010237,57.12405158,1011.366081,396.584218
24-04-2023 19:00,0,11.9120802,14.41049891,21.55565546,995.0298626,58.82160562
24-04-2023 20:00,0,21.31824913,12.53117073,42.35389605,982.1879651,372.2728481
24-04-2023 21:00,0,6.178626751,6.574613663,15.71046048,957.7318793,95.92749658
24-04-2023 22:00,0,0.439136393,37.88282372,98.17013174,995.606773,378.3416938
24-04-2023 23:00,0,15.48019813,31.12918661,20.66752259,1031.838456,287.2031408
25-04-2023 00:00,0,11.44773517,23.07910107,33.26722647,951.7031461,246.7645253
25-04-2023 01:00,0,14.17911366,-1.857085418,90.2163634,1008.210768,360.7998754
25-04-2023 02:00,0,22.48348523,26.71617041,53.44390416,1038.077211,66.36687519
25-04-2023 03:00,0,24.24813934,26.35062273,22.20734814,971.754943,150.5616466
25-04-2023 04:00,0,15.86132849,11.25340868,44.58074842,968.3255865,327.3980641
25-04-2023 05:00,0,19.10138975,36.23929549,20.42811948,1027.227663,431.246933
25-04-2023 06:00,295.0820628,2.095210837,-1.651105889,28.01943974,975.5086431,221.4984366
25-04-2023 07:00,211.9599769,4.017889622,3.366878121,14.68268623,969.1984268,166.4426627
25-04-2023 08:00,912.0151209,18.33012012,-6.838783037,49.44047451,987.7989251,283.4313961
25-04-2023 09:00,395.9628067,10.78413641,29.77254791,82.59725096,989.2502012,330.0418636
25-04-2023 10:00,783.759702,11.14913176,21.0879693,62.73722608,1037.410106,239.0463641
25-04-2023 11:00,848.8122999,7.715192041,5.747015284,64.57107749,1011.844347,444.5198072
25-04-2023 12:00,887.1891128,15.18390959,-1.80931682,28.05256271,990.5961456,285.547419
25-04-2023 13:00,993.2753885,4.629126135,-7.992611499,40.95044589,1003.438796,66.12061441
25-04-2023 14:00,435.231768,15.67290698,-1.662721569,86.07178935,1045.396523,150.3742796
25-04-2023 15:00,768.1946735,4.344971428,12.66423232,17.90705659,961.3214677,252.7911639
25-04-2023 16:00,292.3198866,1.595650868,2.358848451,87.21375883,970.7715522,363.9764836
25-04-2023 17:00,525.4474331,8.258942217,2.949108872,53.53210236,1046.252871,148.8885097
25-04-2023 18:00,878.3773547,5.77850855,33.77881833,85.34326882,1045.732485,489.3158479
25-04-2023 19:00,0,22.22479096,15.75688367,38.62057775,967.7165421,193.3512162
25-04-2023 20:00,0,1.373836347,26.46259866,40.49586564,964.5108817,289.6160931
25-04-2023 21:00,0,4.415342314,-8.214452549,77.64443815,992.1085134,58.53487313
25-04-2023 22:00,0,13.71799014,8.258167784,80.64965561,954.9718292,448.2008246
25-04-2023 23:00,0,12.02667977,13.95846737,30.66802102,1015.490353,404.9755941
26-04-2023 00:00,0,1.146300459,-0.679157239,97.55841923,957.7496022,137.9561019
26-04-2023 01:00,0,0.1813107,-3.990422928,17.60410938,955.8029627,469.9565111
26-04-2023 02:00,0,24.70169855,33.51518892,16.16526668,998.5186936,192.1278937
26-04-2023 03:00,0,16.47086751,36.97158135,63.59537938,1045.778664,361.4838298
26-04-2023 04:00,0,9.135153273,-6.059665098,75.0466691,992.6795936,418.5393431
26-04-2023 05:00,0,11.76080619,7.450935627,96.47975163,985.6481159,383.4115076
26-04-2023 06:00,465.6591127,6.663753011,37.91428141,46.44512027,1049.795672,462.9122528
26-04-2023 07:00,323.9534283,8.621844592,-5.841913343,12.27622681,1003.196896,438.9236422
26-04-2023 08:00,879.2276106,16.22611168,22.18206864,64.26067055,987.5241407,497.5751813
26-04-2023 09:00,617.2796104,22.07029497,38.61106855,36.07264185,988.5860813,132.1751357
26-04-2023 10:00,946.6211299,4.603250577,38.91118343,48.96524091,969.4959496,187.1428106
26-04-2023 11:00,844.8132037,21.00903763,13.56116655,53.9622534,1001.222306,336.3016403
26-04-2023 12:00,754.377435,3.038915738,-1.862544611,15.80613497,993.8855028,379.8712337
26-04-2023 13:00,204.0204027,5.37480559,0.104215749,53.73836061,977.0795296,290.5722746
26-04-2023 14:00,542.2587653,0.929382201,34.48006976,48.36877001,966.0540087,83.2677642
26-04-2023 15:00,357.9890253,3.520296552,35.58415022,74.12898388,981.1238869,428.7178521
26-04-2023 16:00,928.6383288,22.93257864,20.39398219,68.10993201,1000.868333,482.3934602
26-04-2023 17:00,339.6671877,11.48596867,28.30881997,26.66941463,955.8333272,232.4825797
26-04-2023 18:00,428.8480413,1.941646544,26.99656257,28.55250264,965.3744029,151.1656168
26-04-2023 19:00,0,23.99317095,23.0910799,32.59055609,1044.765727,58.69118973
26-04-2023 20:00,0,21.97480769,31.36384774,26.10553963,1004.285535,156.7845662
26-04-2023 21:00,0,18.86706302,24.27033115,69.14918797,956.3449304,364.9634487
26-04-2023 22:00,0,23.3368198,16.70011529,99.49871613,1019.308776,460.2152245
26-04-2023 23:00,0,5.503235521,1.847818129,68.68975065,956.180287,92.08087989
27-04-2023 00:00,0,20.90923233,27.19440721,64.60133916,1023.887423,298.9666342
27-04-2023 01:00,0,17.24977991,13.67189339,46.893514,1024.996272,362.9890618
27-04-2023 02:00,0,21.74398124,4.7395842,38.1322233,1015.107898,174.3713695
27-04-2023 03:00,0,19.92278914,30.09731379,91.99663812,1023.220454,306.4536676
27-04-2023 04:00,0,8.662376579,24.83568002,97.21016867,958.7965781,371.8617917
27-04-2023 05:00,0,19.35996343,36.86697816,54.7098558,1022.678055,426.9736594
27-04-2023 06:00,492.3611877,6.561407575,-1.727917999,36.1180446,963.668832,253.6249329
27-04-2023 07:00,948.9170683,8.214804076,22.45946423,79.31099869,983.9505907,386.5357485
27-04-2023 08:00,243.9239127,2.697642931,2.211973404,21.92111118,1044.274525,185.8023373
27-04-2023 09:00,738.7131832,23.3769154,35.17914927,78.90294139,1000.287548,145.871036
27-04-2023 10:00,913.0261319,7.275084085,-5.025029287,83.70535369,1046.742643,134.2911857
27-04-2023 11:00,843.107767,13.01556163,22.80809032,21.24135502,958.8922459,211.4927293
27-04-2023 12:00,347.2328279,9.783320912,29.55428608,97.91753219,997.75566,66.1458568
27-04-2023 13:00,436.7410792,23.99820301,7.745892018,98.69610613,956.240232,177.3463269
27-04-2023 14:00,773.638351,8.376229273,37.70690397,94.30475314,1013.021026,343.500271
27-04-2023 15:00,267.4164473,19.46364554,32.53653423,54.64313285,957.8707001,341.5635712
27-04-2023 16:00,849.4893599,21.38540387,4.730914984,32.1466728,967.5367803,83.09921292
27-04-2023 17:00,775.1255557,10.89016244,-9.622945364,62.38083528,975.883031,179.3370277
27-04-2023 18:00,783.6853194,9.454295361,4.832858806,47.79404546,1024.874385,306.3009491
27-04-2023 19:00,0,18.69364552,4.065523524,28.53537802,966.3962119,193.3484619
27-04-2023 20:00,0,22.82239951,34.49823038,48.13087687,1034.663205,238.0946109
27-04-2023 21:00,0,18.87329333,38.35605891,69.75008521,963.1903939,370.7648407
27-04-2023 22:00,0,5.67815914,-6.478000701,16.38219797,953.5244449,54.17007326
27-04-2023 23:00,0,22.20769369,13.56474143,40.00762013,989.5045419,174.3770948
28-04-2023 00:00,0,9.689541686,17.41659993,11.6015401,1047.944164,114.0675097
28-04-2023 01:00,0,14.40573529,-5.354416934,77.45459549,961.0342228,107.4241322
28-04-2023 02:00,0,20.78589048,8.874885457,67.66221409,960.1718444,481.5680974
28-04-2023 03:00,0,4.709869185,5.85412087,15.64049212,1025.116651,219.4521492
28-04-2023 04:00,0,19.61275339,16.80281772,96.82638036,981.2161694,287.1898632
28-04-2023 05:00,0,14.90406995,23.05954499,12.03594014,1021.728162,380.2198492
28-04-2023 06:00,875.9603018,22.33354105,25.17425552,63.09645818,970.0010589,71.35136369
28-04-2023 07:00,200.1926996,4.299260046,-3.162248819,79.87307156,996.0071994,158.4601874
28-04-2023 08:00,334.8117148,10.51705593,30.6473851,80.91066817,976.5289878,424.4665043
28-04-2023 09:00,224.3388317,20.82107732,23.92710149,13.0856622,995.1528215,437.8957759
28-04-2023 10:00,462.5177444,0.480792586,34.45374584,91.57736194,1026.909709,217.8279143
28-04-2023 11:00,926.5516766,2.805034169,12.46680297,92.66065047,1026.200994,218.6877198
28-04-2023 12:00,277.5616989,24.76413032,34.69448814,60.52513358,1001.577229,390.6035947
28-04-2023 13:00,685.1278214,7.009854465,33.28870612,53.3874879,1042.837184,182.781602
28-04-2023 14:00,561.1967513,24.38857984,11.92046662,14.03807168,976.3784102,102.6923365
28-04-2023 15:00,950.7745699,4.563288775,9.057165765,60.57587283,974.0311351,165.8909526
28-04-2023 16:00,298.015314,9.027361075,36.64060075,46.84411736,1011.38064,224.3051292
28-04-2023 17:00,369.6222804,18.82173611,25.75823673,79.55257667,1012.129703,73.49211932
28-04-2023 18:00,223.6335749,16.44446018,36.41226732,46.34952102,954.654004,265.4061144
28-04-2023 19:00,0,14.52806,29.84873894,71.522275,1010.777771,383.0033807
28-04-2023 20:00,0,13.2474794,20.46487196,19.12673316,987.4436157,281.185315
28-04-2023 21:00,0,21.08601109,-4.20736115,21.96570437,1024.744253,82.35290323
28-04-2023 22:00,0,5.873714071,4.574033629,22.57391716,1030.810566,248.0673341
28-04-2023 23:00,0,11.06177317,38.44212035,14.09729498,1005.215382,369.0070736
29-04-2023 00:00,0,3.886307304,5.971104936,58.71959733,950.1705032,76.1434943
29-04-2023 01:00,0,14.89853989,-5.337256511,81.45709534,1013.636581,76.93123538
29-04-2023 02:00,0,6.263610607,25.3776678,64.93700833,1024.888128,216.7706314
29-04-2023 03:00,0,8.346051609,26.70021273,61.7459397,974.8983266,137.7337839
29-04-2023 04:00,0,11.78126792,4.272886014,71.25615356,996.4646001,470.6513561
29-04-2023 05:00,0,0.669264643,4.883598967,40.56807908,1046.572662,311.6046217
29-04-2023 06:00,858.5810874,2.298448398,13.44464928,42.57586645,979.8115553,179.2964297
29-04-2023 07:00,282.4333547,17.14823052,-8.910552512,38.28430884,972.3153251,367.1495281
29-04-2023 08:00,381.9586033,10.72424952,29.46615052,74.08980396,971.085479,218.7180731
29-04-2023 09:00,202.4973211,21.61975555,5.854439364,24.54763021,1005.880083,109.45204
29-04-2023 10:00,442.8080999,17.36680009,32.6881551,11.17227523,1044.97871,156.7545034
29-04-2023 11:00,286.8859219,0.202523541,30.13152108,63.65768021,1010.869013,339.236278
29-04-2023 12:00,578.2346762,15.41780827,23.07010166,94.81432283,980.332312,73.3442477
29-04-2023 13:00,741.7019909,2.343121651,6.243743355,64.84671253,1013.856978,172.710068
29-04-2023 14:00,899.604236,19.52332949,15.81582808,80.46294876,1012.48423,143.7401649
29-04-2023 15:00,799.3737321,24.78769221,12.24146288,70.55116385,1009.692514,140.5107998
29-04-2023 16:00,950.8684766,13.27996986,6.944094312,54.76929882,965.9426207,357.2430854
29-04-2023 17:00,243.1186323,17.0694875,32.40681447,74.65531616,1013.45668,421.6176125
29-04-2023 18:00,209.7438683,5.932854022,14.17535373,84.16937115,993.0164453,372.1399736
29-04-2023 19:00,0,10.93994359,31.63615489,30.22584798,951.8592059,340.5775171
29-04-2023 20:00,0,21.40238331,-4.739076293,40.25174324,1003.976449,462.4032973
29-04-2023 21:00,0,4.185573694,-2.94876057,30.13531593,1048.926675,76.27657119
29-04-2023 22:00,0,6.63839014,38.86601526,50.695566,984.9739591,125.3673887
29-04-2023 23:00,0,11.13584188,19.38842313,89.65580958,1046.555922,236.4830851
30-04-2023 00:00,0,17.8062223,15.48848367,41.06863908,959.6205742,217.6032396
30-04-2023 01:00,0,9.39709887,16.15780316,43.70202002,1023.245012,238.1232213
30-04-2023 02:00,0,23.19330699,0.763438702,87.43305112,961.4329995,142.9047073
30-04-2023 03:00,0,2.361426282,25.93519748,56.38368977,977.3571574,117.276492
30-04-2023 04:00,0,9.270104939,-5.760968814,58.19040997,1007.084084,279.1369614
30-04-2023 05:00,0,17.72385309,18.66618566,87.4721083,1009.277969,467.6236358
30-04-2023 06:00,332.9604294,5.649669142,18.53843983,54.14740633,1027.521132,226.3862581
30-04-2023 07:00,479.5792956,16.41032836,35.70942121,71.34017812,1011.531141,69.50894635
30-04-2023 08:00,793.4451802,4.105423956,16.30914051,17.70801993,1009.36147,367.7753043
30-04-2023 09:00,805.3639281,1.399507122,-3.146865201,26.07685418,1041.235309,180.9972075
30-04-2023 10:00,733.5243093,3.025392919,18.63766296,46.39385806,995.2160752,160.2927533
30-04-2023 11:00,387.2225402,23.24961958,-5.433617782,54.5355161,972.5265779,195.9161003
30-04-2023 12:00,670.4689967,13.79377207,0.189691765,96.91603311,966.1788585,375.7169858
30-04-2023 13:00,656.5517293,19.90864439,-8.444570791,97.35864697,989.9994597,418.4687241
30-04-2023 14:00,587.4129585,8.316362523,15.66467912,86.60773787,1021.275276,314.6252303
30-04-2023 15:00,639.9831891,14.8164662,-5.773369235,38.40389518,954.2543485,195.1154392
30-04-2023 16:00,593.4325061,12.37380334,13.46971893,96.76254617,962.9053387,189.7152049
30-04-2023 17:00,652.3650929,23.64344899,36.64725177,72.04067782,960.611346,105.9387575
30-04-2023 18:00,772.4047637,18.6893659,25.98807065,45.3646115,1008.525015,469.9854717
30-04-2023 19:00,0,18.26356579,-6.129416289,73.15074253,974.2864651,337.1627295
30-04-2023 20:00,0,1.158831736,1.21049061,11.48704568,966.6259428,62.13857894
30-04-2023 21:00,0,13.74174173,23.68312099,23.1539214,1009.277072,348.0651928
30-04-2023 22:00,0,11.67478635,34.73509305,84.67171404,1026.130992,251.2190409
30-04-2023 23:00,0,23.19605667,-8.354070662,68.10162732,983.2154916,487.6510834
01-05-2023 00:00,0,6.433549705,30.62255659,42.77752312,1007.820461,418.5809712
01-05-2023 01:00,0,6.745836332,18.09069402,55.05999762,959.8124413,127.0920892
01-05-2023 02:00,0,10.28365622,17.30456626,91.46279347,1043.519103,374.0500035
01-05-2023 03:00,0,6.084242835,37.89065914,66.84202985,983.6896185,268.5047017
01-05-2023 04:00,0,3.229597945,27.38223063,45.83343555,1049.750569,134.1703237
01-05-2023 05:00,0,21.43537117,32.5059434,20.82939917,1047.858776,364.4329583
01-05-2023 06:00,960.4894198,13.95691311,7.699778477,36.43721215,1027.882345,296.3244104
01-05-2023 07:00,707.4021228,21.53406797,17.71820204,98.05062095,952.0067095,63.66824545
01-05-2023 08:00,483.1245338,20.77836914,20.77028387,49.36267566,1004.347492,340.9645777
01-05-2023 09:00,682.6604525,7.05105887,6.079197018,52.46555175,958.683642,335.7441904
01-05-2023 10:00,449.6010449,13.69343611,18.51240625,54.87382292,1039.513803,114.8383225
01-05-2023 11:00,927.8589127,2.080442569,1.832768974,89.56936207,1028.963625,207.0444771
01-05-2023 12:00,896.3203705,22.8812971,-2.831216447,64.35354559,1047.234038,313.6545368
01-05-2023 13:00,646.5854002,10.10656788,8.698512964,72.43093328,1010.838295,112.4523563
01-05-2023 14:00,459.8391323,9.841904597,26.96448144,45.04721883,1002.21728,433.72552
01-05-2023 15:00,434.7117405,7.568884265,35.8093574,12.61788567,1001.897386,62.36872083
01-05-2023 16:00,226.7343958,11.51659362,12.88570257,93.78756228,988.6448374,96.27683674
01-05-2023 17:00,852.6566808,6.293984664,22.14118441,95.42149128,996.8690067,102.2481139
01-05-2023 18:00,560.3065704,9.37130682,-4.848143451,95.4237748,1013.541258,287.6482067
01-05-2023 19:00,0,19.99867621,35.22318793,94.9318378,1043.294761,329.0513055
01-05-2023 20:00,0,20.85638759,18.43021068,83.3717747,1009.588434,231.6833584
01-05-2023 21:00,0,7.604561941,29.01691238,71.61364451,1035.711594,179.9000725
01-05-2023 22:00,0,11.72536076,29.72206005,86.00589264,1036.277991,414.192819
01-05-2023 23:00,0,21.84549441,2.824026318,64.04916151,1001.883268,80.72869268
02-05-2023 00:00,0,1.316833296,16.45872266,22.09326525,984.7469641,176.1313375
02-05-2023 01:00,0,22.22862405,38.02398758,45.20963485,1013.957387,67.60201046
02-05-2023 02:00,0,5.479608641,-5.518272759,97.41654208,994.5877342,56.25056073
02-05-2023 03:00,0,16.96348111,24.1524949,41.60240322,958.1440867,209.0209491
02-05-2023 04:00,0,14.56379241,38.1132039,88.10451224,987.78091,137.6706481
02-05-2023 05:00,0,13.8235187,5.028855403,18.38903237,1049.407214,170.7646347
02-05-2023 06:00,340.92313,21.48400562,33.07239607,40.07654581,954.851187,419.4262209
02-05-2023 07:00,685.8133361,2.539303591,36.68287727,41.58579923,1019.666691,123.3410433
02-05-2023 08:00,581.2993284,8.675700633,27.35431047,14.64422888,1034.118871,401.1050152
02-05-2023 09:00,892.5607939,13.45631866,1.566415615,20.71848972,1014.87259,353.7727804
02-05-2023 10:00,225.6876644,20.28222135,6.700035941,27.384869,1006.974823,196.9004863
02-05-2023 11:00,715.094342,5.411077085,-8.209535279,85.40340317,1020.755442,295.9502653
02-05-2023 12:00,810.3591028,20.07324603,31.57266171,15.70617909,992.9342737,249.9960244
02-05-2023 13:00,807.5892554,9.990962062,32.48055933,36.88308112,959.1361737,107.777892
02-05-2023 14:00,908.8591737,4.722846411,21.6355155,10.91575023,1046.237175,458.2333948
02-05-2023 15:00,783.2269943,18.97466101,7.626392563,72.60649709,993.230077,306.3280854
02-05-2023 16:00,942.2480493,2.272472537,-6.159448618,65.8272781,1016.538924,446.1080206
02-05-2023 17:00,466.1252799,12.86918435,27.6528805,68.04840358,1003.131044,420.7219303
02-05-2023 18:00,602.5675334,1.596894597,26.32630968,43.69445062,955.4673072,85.89916639
02-05-2023 19:00,0,8.910446379,35.63012609,28.74410391,1045.27466,143.2717997
02-05-2023 20:00,0,15.02691998,26.52660105,74.8288192,1029.253723,115.3675015
02-05-2023 21:00,0,13.90288854,31.43474711,83.00060855,964.9097894,423.8507898
02-05-2023 22:00,0,10.11638545,27.2977309,22.47413483,1048.164888,438.1009819
02-05-2023 23:00,0,10.72619985,21.53435942,53.81464851,1023.690137,287.5871794
03-05-2023 00:00,0,5.669238834,11.34831971,32.38441138,997.232165,96.88013263
03-05-2023 01:00,0,11.39706471,35.10586543,25.12961751,1011.137006,111.0274783
03-05-2023 02:00,0,23.83137139,22.5484286,76.08927821,960.6736682,416.0969656
03-05-2023 03:00,0,21.26132294,9.917766098,58.42872419,1006.041151,468.1355614
03-05-2023 04:00,0,3.630821727,-5.826535241,29.45667991,957.3661072,139.7640583
03-05-2023 05:00,0,0.744519683,4.535242795,37.90000101,1004.485526,55.01190941
03-05-2023 06:00,929.7836976,23.33810782,17.18633674,96.99883042,1005.269569,198.9288073
03-05-2023 07:00,914.2367517,13.16874375,3.781768501,86.38116082,1037.443879,63.72472534
03-05-2023 08:00,723.1209171,13.44594558,1.061767396,89.19520686,1022.50575,422.5887122
03-05-2023 09:00,737.7873198,19.51794989,16.3696757,51.40108874,974.9552392,271.1805158
03-05-2023 10:00,204.2713136,7.867224347,-1.508982705,66.14265375,1038.842614,338.8373504
03-05-2023 11:00,987.8972529,12.04768922,30.02050317,43.90909662,1007.324266,235.1681943
03-05-2023 12:00,902.2660829,24.21657283,14.21840757,16.99407781,1010.637948,205.4783962
03-05-2023 13:00,916.0849806,16.80371717,18.6931387,46.09623796,966.8981369,149.9901859
03-05-2023 14:00,727.3956296,3.8436258,-2.63083662,63.45826779,1035.77736,396.7396462
03-05-2023 15:00,475.8295429,3.3306687,6.228816781,35.84298437,1043.096512,362.996413
03-05-2023 16:00,914.9189193,5.106618958,10.50448416,86.31555173,1027.499065,212.328043
03-05-2023 17:00,433.2135425,19.16779186,30.41064153,23.59901433,1044.075245,194.5022604
03-05-2023 18:00,650.1692347,7.384425096,28.50797615,43.04161805,980.2299904,50.55929539
03-05-2023 19:00,0,0.534721167,1.148873739,21.24135148,1036.111917,78.59845852
03-05-2023 20:00,0,23.60435909,20.80895408,46.43489206,998.8893143,330.4649862
03-05-2023 21:00,0,4.24283541,2.172817889,13.56951745,966.3917203,281.5732896
03-05-2023 22:00,0,0.238954654,39.41235778,34.52944556,1016.88006,245.661442
03-05-2023 23:00,0,5.92829006,37.60619391,46.06617296,1018.412027,422.3760084
04-05-2023 00:00,0,5.875719678,18.16323603,53.03488269,978.6924514,276.754192
04-05-2023 01:00,0,10.55013127,24.94512859,58.93267226,952.7493332,223.0221116
04-05-2023 02:00,0,23.00974579,30.07151911,34.74920168,969.9847259,122.5653564
04-05-2023 03:00,0,21.97962294,26.049921,57.07372012,989.9777548,419.3096037
04-05-2023 04:00,0,11.42236387,24.99143455,55.81041594,966.7562911,309.3117126
04-05-2023 05:00,0,10.27249762,37.9277004,38.45602458,969.4029948,91.60698467
04-05-2023 06:00,847.9304962,13.87522716,19.82280532,84.71802976,989.1390664,342.0042791
04-05-2023 07:00,568.1652945,6.086350299,21.81513359,59.10770139,1046.178661,241.2818355
04-05-2023 08:00,923.0138091,1.304624799,32.46343752,39.90427469,1026.424352,415.1238006
04-05-2023 09:00,527.8781385,23.4806034,23.49454339,95.26046609,981.9748401,463.5115686
04-05-2023 10:00,619.9472674,4.667474622,26.6466311,86.06011718,1045.160407,320.2096159
04-05-2023 11:00,581.7038139,4.960018231,1.70843431,98.43290304,1014.564679,379.2257687
04-05-2023 12:00,558.0990981,11.81150822,8.563346206,72.30104872,995.5449645,75.46588142
04-05-2023 13:00,820.1526154,12.29033362,-2.634932714,44.0400615,996.8300199,302.1149548
04-05-2023 14:00,621.4151258,0.460855243,15.28827212,35.27746,991.0744468,389.9029903
04-05-2023 15:00,453.3736976,3.698868469,12.78637003,69.69860593,973.2992053,273.5429673
04-05-2023 16:00,406.5265341,9.453870464,39.85814071,98.27349242,988.6632192,317.0975403
04-05-2023 17:00,230.1978536,17.09326734,20.56043264,66.40435721,1002.789638,454.5266835
04-05-2023 18:00,666.5561295,5.710461421,29.32224116,89.34534469,1002.802735,139.1448074
04-05-2023 19:00,0,10.57536116,6.700733538,39.61930879,1026.17369,94.2109284
04-05-2023 20:00,0,13.93362662,31.57726657,46.62584042,985.8797857,360.7896259
04-05-2023 21:00,0,22.21481237,20.75424832,91.56477156,1021.679803,420.2820075
04-05-2023 22:00,0,8.151762558,24.84961658,78.11800318,1007.809184,432.7205849
04-05-2023 23:00,0,3.338956647,4.721538897,98.32692883,1046.18454,338.7400237
05-05-2023 00:00,0,12.23180565,17.43191958,79.72877888,988.5284926,424.9460382
05-05-2023 01:00,0,18.66804004,21.70184867,50.36641365,1040.121646,365.2988926
05-05-2023 02:00,0,2.746493926,19.45473379,57.79612178,1032.064255,89.31961216
05-05-2023 03:00,0,10.61708729,35.75968557,91.04639432,1013.766428,392.9195785
05-05-2023 04:00,0,0.444628532,34.91363322,59.64820625,1015.451447,130.7118603
05-05-2023 05:00,0,0.838979541,38.54920289,32.98576367,958.4649935,156.4742042
05-05-2023 06:00,986.3559373,12.07383408,23.3714003,49.20578315,1045.022461,227.5927821
05-05-2023 07:00,419.3089338,7.454932454,38.59570651,56.468439,960.6936063,191.5551798
05-05-2023 08:00,362.1255376,21.12768248,31.6239,18.70478502,1006.323331,194.7432822
05-05-2023 09:00,553.723291,15.05385765,3.541607017,76.93864068,983.00708,126.1667859
05-05-2023 10:00,245.4724566,11.34832404,11.37178348,19.841854,992.9851978,182.2419712
05-05-2023 11:00,982.7955717,10.19838428,1.919622109,46.4425942,1011.018301,58.84816549
05-05-2023 12:00,670.7468451,12.431137,-9.790141958,82.41601974,1040.885138,262.809926
05-05-2023 13:00,645.5616733,1.01097078,-0.597562343,52.08133255,995.7567124,395.8659314
05-05-2023 14:00,724.6370239,22.31983391,-9.796970686,85.78139677,1048.772956,438.0113162
05-05-2023 15:00,597.6189182,24.95757889,25.99192307,40.76931899,1009.281207,419.1928515
05-05-2023 16:00,225.6508137,4.537178121,11.27671489,96.18726646,966.0553943,237.4059735
05-05-2023 17:00,689.8490311,3.009574119,5.628736354,28.85215886,969.0009295,378.6919165
05-05-2023 18:00,772.9391016,3.589436586,28.08604455,13.44377305,1021.611104,179.5508483
05-05-2023 19:00,0,16.52567646,31.62433873,88.51838887,955.0397794,75.00311272
05-05-2023 20:00,0,16.53602096,38.76497693,77.69824444,998.0341576,354.1871864
05-05-2023 21:00,0,21.19810406,22.10067923,30.87854534,964.821911,341.9582741
05-05-2023 22:00,0,18.79565971,13.07644793,98.62674464,993.3218635,410.733228
05-05-2023 23:00,0,11.24224183,5.26321508,55.20521163,1024.991742,327.247793
06-05-2023 00:00,0,15.32138404,1.115910461,95.59588961,995.8812928,120.6012312
06-05-2023 01:00,0,17.20711676,0.646297524,55.45258942,966.3451109,433.9230764
06-05-2023 02:00,0,12.81841176,10.45946874,52.46871281,975.192537,332.2637546
06-05-2023 03:00,0,11.89127461,39.58931776,50.42246834,986.7539589,413.4243646
06-05-2023 04:00,0,16.12743614,-9.957315128,40.13877485,956.9561183,398.3482042
06-05-2023 05:00,0,13.93686372,-0.139705138,58.03313475,1008.433764,184.0390193
06-05-2023 06:00,392.9654197,16.09855763,-0.58035088,50.72991958,1010.753379,83.54883868
06-05-2023 07:00,334.5128687,15.32136935,25.85597428,13.3072189,956.2151927,129.4269841
06-05-2023 08:00,977.6767946,17.97991401,7.62423638,33.43917101,990.2311321,91.78805044
06-05-2023 09:00,694.0458506,16.07008772,12.86304023,29.18105201,991.4000683,159.5355944
06-05-2023 10:00,985.1325775,12.99356216,-2.568793477,88.06920421,983.3819569,256.7895229
06-05-2023 11:00,470.2047897,17.04492028,10.24985194,63.89829795,1005.773974,458.0647722
06-05-2023 12:00,762.42536,11.23704913,-4.840009405,78.73147904,984.595749,442.4084402
06-05-2023 13:00,378.0829092,6.041780649,16.65216439,96.1143434,991.6409279,373.3699168
06-05-2023 14:00,408.960137,0.035455503,-5.103081731,67.96353453,1029.752355,60.8505618
06-05-2023 15:00,609.521697,13.99910368,29.52541906,98.43489923,966.2109355,203.6251406
06-05-2023 16:00,455.6945004,14.76638067,18.33008588,38.05876465,1011.91147,357.0567919
06-05-2023 17:00,334.0972511,24.30122412,26.19839369,26.76404641,1000.55944,108.0630036
06-05-2023 18:00,410.3045616,9.036958352,10.92581933,46.29788992,980.5071637,410.4895325
06-05-2023 19:00,0,9.853331071,9.074564662,52.37194734,1022.753466,461.558156
06-05-2023 20:00,0,5.044989534,-5.089555548,90.58253886,1005.118836,209.347001
06-05-2023 21:00,0,1.763357381,16.19278035,60.39463951,997.7361527,367.6293778
06-05-2023 22:00,0,19.32011232,15.72510824,36.29628995,1016.766931,116.6918597
06-05-2023 23:00,0,6.242026608,13.40510222,76.83708546,1030.229031,360.8674021
07-05-2023 00:00,0,15.22262153,27.02591823,55.52487434,1047.266879,59.65493553
07-05-2023 01:00,0,17.19432589,31.62522,24.59187507,1012.935037,117.8471781
07-05-2023 02:00,0,11.78091718,27.53948375,61.91378088,1037.443999,369.446651
07-05-2023 03:00,0,21.90880283,-2.80671286,92.02550831,950.1091541,370.3326003
07-05-2023 04:00,0,11.09487102,21.10297546,85.83603557,1003.023569,338.5232176
07-05-2023 05:00,0,7.122715576,-5.983844716,62.81289754,971.4647549,264.813811
07-05-2023 06:00,912.5333407,22.40038807,24.73111437,43.93748565,959.4192457,353.708641
07-05-2023 07:00,774.8250545,21.53910711,9.091954828,17.8280876,1003.197102,398.2103592
07-05-2023 08:00,258.3746663,4.100998677,-3.375052187,52.2684031,1024.682651,484.9167466
07-05-2023 09:00,856.9008836,0.649025459,33.10254285,77.68714938,991.2272522,449.8884642
07-05-2023 10:00,594.4280972,2.249638909,20.70041695,42.42463478,1017.010745,407.5403912
07-05-2023 11:00,877.4264217,7.163684964,7.736248397,31.1902143,998.9719254,362.6408825
07-05-2023 12:00,680.5918196,24.30649504,-8.463641017,93.82417473,993.7085866,308.3699954
07-05-2023 13:00,745.4664256,13.96290383,16.86551295,83.94001304,979.025664,104.2739705
07-05-2023 14:00,994.8012483,9.331543301,36.16129392,67.44480575,988.2593515,124.5005789
07-05-2023 15:00,385.8684367,22.21790237,19.81899164,22.31050095,984.9795631,419.1258023
07-05-2023 16:00,699.1564598,11.32840829,38.58253023,23.04179564,1014.618718,411.4908105
07-05-2023 17:00,568.257112,7.88096571,-3.177444086,19.28976323,961.6018511,326.5065167
07-05-2023 18:00,231.5615623,23.53048822,18.41525523,65.46670002,959.2636369,247.4780597
07-05-2023 19:00,0,21.23794165,29.9062524,20.40065168,1016.001299,61.71469242
07-05-2023 20:00,0,21.09170939,16.27703656,85.8364479,1004.629807,197.2296241
07-05-2023 21:00,0,12.80711858,-5.446682201,99.36685016,993.0200097,239.2878459
07-05-2023 22:00,0,19.73595997,19.14430008,42.97133662,965.2442884,268.6173288
07-05-2023 23:00,0,4.483833982,20.58689529,50.83028623,991.1027112,468.1960694
08-05-2023 00:00,0,14.33057394,26.43546242,74.05004593,1028.973176,98.91922991
08-05-2023 01:00,0,24.59614807,28.06057576,94.34377057,1038.962124,283.4901139
08-05-2023 02:00,0,7.273960763,28.53863441,90.46843962,1020.257657,215.5650336
08-05-2023 03:00,0,19.85880823,23.17221968,15.18326459,955.9912176,495.5441536
08-05-2023 04:00,0,12.26196018,0.790559321,25.21646223,1017.040978,437.8388073
08-05-2023 05:00,0,0.995142081,10.21178779,77.91374787,974.098559,247.4536344
08-05-2023 06:00,827.1402233,19.07548495,28.80649863,72.00037972,981.5251243,499.8630242
08-05-2023 07:00,615.4240659,4.21422861,37.67134917,21.98967346,969.5873208,281.3284609
08-05-2023 08:00,886.3615563,15.78683918,-6.052651758,55.18581238,1027.575579,125.2030085
08-05-2023 09:00,513.1024747,2.141604851,16.77683389,80.2733168,1014.860212,300.1436113
08-05-2023 10:00,910.9545718,23.67168494,5.626113566,29.6902614,1011.183505,151.7925946
08-05-2023 11:00,392.1817331,7.29309718,1.269694716,88.41588722,1016.797261,336.340778
08-05-2023 12:00,424.1731256,5.661617292,15.29053418,14.76745973,973.6772261,471.8480787
08-05-2023 13:00,242.4964994,3.228410102,20.30446703,80.39755766,994.4644414,403.7893596
08-05-2023 14:00,836.4654692,23.65005483,-9.511388429,65.42370098,1013.325372,172.9236607
08-05-2023 15:00,533.644189,17.79759356,29.01032861,38.3679412,1013.659403,183.5863812
08-05-2023 16:00,383.2932911,18.54152222,30.99410656,74.88392935,1029.185186,81.17969139
08-05-2023 17:00,385.4322221,12.48511403,38.27554123,80.41292156,978.7103967,178.640526
08-05-2023 18:00,921.119953,11.86819463,-0.967813339,94.05090742,1027.033612,91.68115986
08-05-2023 19:00,0,2.750531075,19.72762812,43.09972049,994.0184481,274.7519237
08-05-2023 20:00,0,13.99602739,11.33126867,71.74150624,1017.017269,368.7561858
08-05-2023 21:00,0,6.172912378,6.741392578,64.23546492,995.571938,388.0315227
08-05-2023 22:00,0,24.42863332,18.28167257,57.26854625,1044.861017,76.78815451
08-05-2023 23:00,0,19.9145235,29.11915466,90.13748267,967.9302265,202.9801542
09-05-2023 00:00,0,10.3248015,-8.847360828,10.28505827,1017.500509,179.6772949
09-05-2023 01:00,0,3.783531467,38.47000563,35.39004455,1007.6535,96.93514534
09-05-2023 02:00,0,19.63329228,30.49407929,58.44495156,967.2731041,213.1120899
09-05-2023 03:00,0,3.051344177,27.55768518,26.04639355,956.6006336,184.6940491
09-05-2023 04:00,0,4.733343837,28.01936911,91.70798804,1029.914439,335.5246532
09-05-2023 05:00,0,5.288012944,9.453035481,68.28356059,965.7451334,447.4861987
09-05-2023 06:00,615.1116253,13.92226596,27.58102754,53.00946952,968.6506683,254.6787744
09-05-2023 07:00,311.9351818,19.67641635,9.33851043,83.32315832,1047.843422,385.9993277
09-05-2023 08:00,610.5132012,7.857871968,34.93534148,50.57975723,1021.726085,115.7046652
09-05-2023 09:00,393.9350511,2.116745357,-1.138880835,60.27877107,975.0486842,452.7348704
09-05-2023 10:00,347.4650792,11.61346159,4.617371211,10.2475896,1009.094896,118.6676322
09-05-2023 11:00,251.867375,18.70275603,17.56687713,42.91304772,1003.411184,136.4455313
09-05-2023 12:00,810.122047,5.541596077,5.960551794,22.49114251,1034.447327,97.90871161
09-05-2023 13:00,541.9535367,5.498113701,11.21186226,72.07198126,1022.932075,189.3557757
09-05-2023 14:00,701.3149466,23.68067568,14.62113447,53.11242631,1033.172113,298.584701
09-05-2023 15:00,782.0746746,23.85384318,32.81766744,37.15818015,971.1506588,494.5973501
09-05-2023 16:00,743.4533323,24.7616433,16.15961268,52.10491054,1014.02192,407.0156156
09-05-2023 17:00,576.4005753,20.19149004,8.122992431,28.86668992,954.0240858,221.1961113
09-05-2023 18:00,510.3188232,4.704604229,2.386808202,93.25779692,956.8940612,309.1307261
09-05-2023 19:00,0,5.29953802,10.43379894,14.85753693,1021.352703,330.4886139
09-05-2023 20:00,0,8.505631038,15.78680522,87.88753318,952.4420103,420.2272496
09-05-2023 21:00,0,7.953313283,27.30574286,56.02229099,1007.976501,381.4033034
09-05-2023 22:00,0,23.91319373,-3.947561191,65.70518465,1034.04051,306.1810071
09-05-2023 23:00,0,19.72684957,1.080459412,37.23450588,987.9941808,351.1323622
10-05-2023 00:00,0,18.1002198,8.982700793,97.00278551,954.4840437,385.6629249
10-05-2023 01:00,0,4.649080601,8.019920256,35.36658627,1021.384745,109.9148266
10-05-2023 02:00,0,22.73813898,9.58740438,62.99901974,1042.968645,140.2049576
10-05-2023 03:00,0,20.69675949,29.67606323,99.40750346,1021.717139,359.86293
10-05-2023 04:00,0,4.091046033,6.207720148,89.29849567,1007.844724,432.6915029
10-05-2023 05:00,0,21.7792583,15.09490902,58.26968428,973.002883,234.1680272
10-05-2023 06:00,381.5206138,6.806188409,21.19535164,99.13370707,951.5375624,490.9506451
10-05-2023 07:00,943.4245213,2.021743646,1.608927509,73.12328756,1019.467211,147.2322797
10-05-2023 08:00,773.9475607,16.42055766,25.93476936,28.78303745,973.1026176,237.5146769
10-05-2023 09:00,810.1227919,16.34511648,17.35556599,46.50365894,1035.816268,220.3353696
10-05-2023 10:00,361.1691966,2.373300239,12.33905815,40.10440006,996.6364119,468.6331733
10-05-2023 11:00,387.3555405,7.971295223,30.48920134,40.96123374,1003.063558,178.4203329
10-05-2023 12:00,617.0142031,24.82036156,2.174762959,78.44107954,1025.393654,261.8558501
10-05-2023 13:00,337.6798821,16.96066668,34.15879853,62.58366345,1027.943061,134.2552278
10-05-2023 14:00,444.3453541,18.25187917,18.05243677,13.42834404,1014.265083,284.5698074
10-05-2023 15:00,457.1699824,5.32293214,20.45874397,88.97036353,1043.843182,435.8318763
10-05-2023 16:00,327.7039466,1.969551775,33.75294821,36.71165264,1048.229844,186.8177579
10-05-2023 17:00,364.1462667,6.922542244,30.87913439,99.73673892,1044.688544,414.8564325
10-05-2023 18:00,830.8414736,6.22245963,20.07810344,95.87716573,1032.417919,460.090212
10-05-2023 19:00,0,5.863602519,27.65938519,94.6477645,1020.562522,82.83105037
10-05-2023 20:00,0,4.818858047,11.66597451,83.00148437,1016.332586,390.3910413
10-05-2023 21:00,0,14.36889227,17.36888767,29.85519985,960.3750177,164.9045463
10-05-2023 22:00,0,8.202586896,-6.896493165,57.93694696,977.1484347,128.8974481
10-05-2023 23:00,0,20.50862538,-5.5071041,30.18723641,950.5688224,320.5050764
11-05-2023 00:00,0,4.598685446,31.47127021,33.370791,963.740987,367.5211773
11-05-2023 01:00,0,11.61567677,-7.016417216,64.98565925,993.9229477,227.6424436
11-05-2023 02:00,0,0.341445911,-1.530043718,13.67501908,964.6536551,67.62816819
11-05-2023 03:00,0,12.04205806,29.79163295,97.25127101,1040.166341,458.9170359
11-05-2023 04:00,0,1.395955522,-9.942702469,92.68058553,1030.569919,378.8361126
11-05-2023 05:00,0,24.4430878,4.120216442,44.26908149,957.1611912,172.250063
11-05-2023 06:00,633.5041386,19.76480322,19.20193289,56.38802032,974.8913715,273.5887351
11-05-2023 07:00,272.995873,12.25278692,19.77249657,51.95074773,1031.907188,62.50675549
11-05-2023 08:00,743.1563394,2.164683954,28.85764541,89.39798008,1030.304613,202.6772518
11-05-2023 09:00,780.0768151,14.81113602,15.29631272,71.97416887,1044.545055,285.140856
11-05-2023 10:00,972.0252983,18.96909377,15.47009348,35.03001227,1049.754776,282.7506268
11-05-2023 11:00,408.317887,4.767931325,26.26552878,50.2157129,1047.627006,143.6831951
11-05-2023 12:00,214.7651352,14.20520852,14.93122316,48.60693781,991.0137986,399.5363148
11-05-2023 13:00,636.4867715,20.35527246,20.42455433,96.34016515,975.0328444,184.4879713
11-05-2023 14:00,765.4324035,19.20619444,34.88870341,25.77798195,1025.841019,311.1845104
11-05-2023 15:00,832.3259807,20.07480045,10.07255038,18.06187036,979.9272893,172.1850015
11-05-2023 16:00,354.9911464,21.98308562,9.256253546,89.25569489,1030.640036,241.3255428
11-05-2023 17:00,409.4022952,23.44205255,-9.822550407,90.70173906,1003.395473,143.3815814
11-05-2023 18:00,610.0727402,10.13802888,20.67131308,88.45651791,1029.392728,334.8535066
11-05-2023 19:00,0,14.21922756,-8.51140463,55.98792241,977.587988,241.5129621
11-05-2023 20:00,0,19.76648815,15.20742449,69.37699854,1000.802732,57.25278702
11-05-2023 21:00,0,17.42849535,30.21168945,60.70267428,1006.402379,62.67424731
11-05-2023 22:00,0,24.88800571,17.49605353,16.25030434,1044.310807,262.0104433
11-05-2023 23:00,0,0.341941278,3.481808261,63.62514072,976.6597577,132.4516401
12-05-2023 00:00,0,8.878330383,29.30842107,11.22527325,1043.668824,313.2689217
12-05-2023 01:00,0,7.025698157,3.485850204,39.24886686,1030.485892,233.6863018
12-05-2023 02:00,0,6.557896254,26.65158905,93.90633183,1023.089405,344.488926
12-05-2023 03:00,0,5.563244562,20.51292276,37.36407427,1028.687027,478.5778283
12-05-2023 04:00,0,17.72809602,-1.500185163,94.58439784,1010.542505,287.9312607
12-05-2023 05:00,0,2.118986832,35.25669374,32.51205614,974.408001,404.3203716
12-05-2023 06:00,580.4212173,18.54022085,0.032184148,38.31060164,968.9494969,388.8684483
12-05-2023 07:00,454.5401676,17.33564605,39.47935371,66.55667468,1036.634144,464.8059969
12-05-2023 08:00,413.3627445,6.270103313,-9.634475567,78.54642755,1022.51394,146.3080403
12-05-2023 09:00,973.5880144,6.320844579,3.174168857,55.12489912,971.3204283,422.2971369
12-05-2023 10:00,328.0592844,15.72151463,-0.006985136,89.39041185,1011.509337,457.4841703
12-05-2023 11:00,829.86067,19.05427764,-9.300329491,13.62163794,994.7546481,226.7433414
12-05-2023 12:00,987.3319676,21.91214033,26.61839501,92.99753548,965.865517,191.2172876
12-05-2023 13:00,215.921187,21.3034891,24.6712901,27.66770199,1003.185711,478.4161594
12-05-2023 14:00,759.2219312,24.12207485,29.61754822,89.58148706,978.1519092,332.43477
12-05-2023 15:00,402.3294444,14.53462238,2.834927323,46.07768615,959.6244124,221.3044184
12-05-2023 16:00,232.3902595,22.71638903,12.21675835,84.94813503,996.6958299,406.3224744
12-05-2023 17:00,522.3116632,20.21283183,22.95567608,70.44989948,1009.010855,187.0132557
12-05-2023 18:00,948.1742481,22.36669061,11.98842519,25.83474692,954.690641,129.3834137
12-05-2023 19:00,0,0.290665032,24.86628852,92.62428129,990.2092749,294.7863361
12-05-2023 20:00,0,24.1475748,21.69867042,32.09656514,975.766192,304.7954202
12-05-2023 21:00,0,11.83825407,-4.267609849,31.97261068,953.0650591,421.585917
12-05-2023 22:00,0,19.95457474,29.05215605,83.2761007,962.566255,255.6623098
12-05-2023 23:00,0,3.180102983,26.03381795,19.528593,963.9034159,416.5639428
13-05-2023 00:00,0,9.898527395,22.79171938,29.98323157,968.2874248,190.0952057
13-05-2023 01:00,0,6.786516576,-2.245319686,55.33098161,1030.337757,308.915691
13-05-2023 02:00,0,7.291469263,3.39982244,84.74293258,993.9491866,143.8127505
13-05-2023 03:00,0,3.081390499,9.658851579,23.27355773,964.7085992,223.4506779
13-05-2023 04:00,0,20.14409581,3.996481083,59.29014111,960.0296967,435.892864
13-05-2023 05:00,0,0.231057865,1.390514534,74.01165326,979.7940459,147.194687
13-05-2023 06:00,576.8662806,7.812636425,30.26788351,87.45357022,1029.801552,414.6077583
13-05-2023 07:00,518.362445,4.36026358,21.91161232,94.20090042,986.4459848,177.292246
13-05-2023 08:00,448.1177769,14.72597352,18.27360658,80.6175923,965.989736,65.52037386
13-05-2023 09:00,561.0693801,6.356310065,1.297635543,68.75455584,990.4116182,99.47055653
13-05-2023 10:00,507.3553479,6.474961363,35.90382811,49.02580768,1005.531156,385.6457954
13-05-2023 11:00,545.8671199,12.2084536,-0.440848045,20.08991388,952.9584184,167.9319169
13-05-2023 12:00,983.4094925,16.31722598,29.74754664,73.87634733,1012.76418,344.3655165
13-05-2023 13:00,270.9063798,3.032617614,38.33363334,99.3463574,989.5100753,364.6395062
13-05-2023 14:00,937.7846959,4.387786312,26.35463646,76.30845353,950.9725875,205.303309
13-05-2023 15:00,584.1893708,6.179368615,39.64293876,11.50399844,1017.38894,263.7135442
13-05-2023 16:00,698.9937964,24.34370535,22.55255585,54.66339802,1021.238764,231.6951907
13-05-2023 17:00,864.1463733,9.928812499,0.87301718,65.31819692,1012.883979,476.3070484
13-05-2023 18:00,488.3704233,14.97475227,0.190974686,72.0706781,984.1930218,193.9769881
13-05-2023 19:00,0,6.038570318,6.228214213,74.7753252,1002.960485,132.495369
13-05-2023 20:00,0,12.26148813,-9.643498989,60.22975971,988.7157706,214.5167793
13-05-2023 21:00,0,1.85297936,24.0849235,30.10242995,1020.062173,351.2820684
13-05-2023 22:00,0,0.868553648,3.433389231,94.79805953,1008.358019,363.8132107
13-05-2023 23:00,0,11.71833817,30.75916161,72.69998209,958.1799114,465.8257919
14-05-2023 00:00,0,9.966482188,7.958632528,31.31560332,1014.309356,446.7895182
14-05-2023 01:00,0,3.422007992,13.99782467,39.0089649,1018.723841,179.7442342
14-05-2023 02:00,0,17.19003572,38.28444583,92.97349036,987.0702181,254.823462
14-05-2023 03:00,0,24.82258727,2.108606152,89.8736668,1037.578578,386.2710447
14-05-2023 04:00,0,9.89117053,26.06270487,46.46317945,1034.301435,462.4417763
14-05-2023 05:00,0,15.6139659,27.75588947,13.44764998,967.5166524,201.7242558
14-05-2023 06:00,617.8986112,24.07439856,1.049907876,14.3647632,1040.426631,249.9986454
14-05-2023 07:00,205.7759576,20.78837431,15.04984183,35.55264618,994.0872371,454.7652217
14-05-2023 08:00,453.2770787,11.58880558,7.510096266,66.62099974,1022.374965,211.3177429
14-05-2023 09:00,741.7525789,18.43723711,28.59531217,62.57751718,1031.409701,266.2308438
14-05-2023 10:00,587.2311522,3.203376006,21.12416595,67.04450082,1000.511242,457.0268635
14-05-2023 11:00,982.6155888,12.80259639,13.79915274,74.55546747,989.9101939,411.0094481
14-05-2023 12:00,899.2830369,6.976506929,28.96816325,11.71290282,1041.545137,159.5439163
14-05-2023 13:00,487.2566232,4.029092197,1.7577785,19.45770357,973.0853553,196.1577794
14-05-2023 14:00,236.3892332,10.65702266,27.68109403,42.35351066,975.6970078,208.8314274
14-05-2023 15:00,876.5010401,3.275363861,33.2687156,23.93739978,986.1620314,460.732313
14-05-2023 16:00,928.9874483,17.4746277,33.93107984,16.77880383,1035.946578,499.5201817
14-05-2023 17:00,856.5019147,11.4060011,29.18367965,67.68679564,1043.878826,398.301936
14-05-2023 18:00,302.3599527,13.27861581,10.40070835,83.38028297,972.0067715,267.9468361
14-05-2023 19:00,0,3.659398467,39.09040114,77.73639917,1036.387015,54.57821813
14-05-2023 20:00,0,3.494291527,8.979682191,83.53358007,975.8202959,363.8696255
14-05-2023 21:00,0,14.58538588,21.93126996,69.92708897,1047.064125,225.212524
14-05-2023 22:00,0,24.6252437,-1.946291097,76.18107896,1009.740789,334.8439116
14-05-2023 23:00,0,2.406264581,39.02244493,34.46008968,950.7086467,323.0122836
15-05-2023 00:00,0,7.143285714,25.19929609,99.37072327,953.4129904,266.3744255
15-05-2023 01:00,0,21.73647791,27.66887726,26.4849089,964.7484531,474.974329
15-05-2023 02:00,0,1.806800306,-6.711164829,29.3044487,968.7573158,60.41585541
15-05-2023 03:00,0,21.89714303,28.17089071,36.00296486,1026.761912,370.459618
15-05-2023 04:00,0,13.10714958,28.73617146,97.77991871,972.2765876,234.4279407
15-05-2023 05:00,0,10.20666935,23.58863632,98.94597304,1046.914162,371.2057027
15-05-2023 06:00,767.4176093,7.742014109,4.59548069,81.54043747,1013.611206,353.8488414
15-05-2023 07:00,625.6889071,7.427928953,14.48450211,66.61518387,1019.251751,54.60710116
15-05-2023 08:00,582.3016617,7.645064561,-4.478281435,56.80563177,971.7816519,178.4023228
15-05-2023 09:00,378.7954514,22.12007702,13.57935332,97.35587611,1039.270631,135.0911842
15-05-2023 10:00,764.4766318,18.09488075,2.19119263,72.60605226,1016.781457,125.1438588
15-05-2023 11:00,352.6475932,16.7430752,7.454849325,95.02571155,1036.440562,377.8145079
15-05-2023 12:00,642.2734368,19.96872872,-1.86997958,38.48957195,1045.64811,157.7981071
15-05-2023 13:00,402.5962904,6.427866575,1.502718387,40.0397313,962.5640977,263.6319267
15-05-2023 14:00,964.4971038,15.4510703,-6.171567909,86.92521347,959.658723,161.1450479
15-05-2023 15:00,222.9049551,11.50165597,35.99506832,23.48694285,1030.340783,311.1052205
15-05-2023 16:00,359.7826241,19.56104088,16.5205344,95.13350752,1036.612606,374.2581956
15-05-2023 17:00,393.8484851,7.731402762,9.837098563,55.67269192,1008.376142,198.9836324
15-05-2023 18:00,531.2542606,16.07946542,16.75146064,93.37724907,986.6000548,321.3593817
15-05-2023 19:00,0,22.0553103,21.41466142,40.31135099,1015.262964,421.1846485
15-05-2023 20:00,0,10.0537619,36.09393967,74.43630137,980.5664073,92.40092832
15-05-2023 21:00,0,1.665552184,-1.065352386,53.45876098,973.8385692,369.8017696
15-05-2023 22:00,0,12.90127056,4.777624932,66.41232672,998.814521,195.415225
15-05-2023 23:00,0,8.649312195,38.78946682,55.39352438,971.6153828,105.1924804
16-05-2023 00:00,0,16.80563451,8.559649332,97.04040556,998.3703608,295.5443934
16-05-2023 01:00,0,23.77582312,-8.871917462,72.2894858,1045.660651,151.8180437
16-05-2023 02:00,0,12.14020795,-2.617825368,32.61870718,1033.978404,419.6128067
16-05-2023 03:00,0,11.65475575,-8.683064913,91.87092297,1044.163092,69.30315929
16-05-2023 04:00,0,16.36462,39.49615712,36.46267643,1030.632897,94.39380332
16-05-2023 05:00,0,2.58743759,3.94354245,43.44445894,985.4750936,284.4482567
16-05-2023 06:00,480.3761619,6.337654723,36.17713785,19.19113282,1031.204524,315.0238028
16-05-2023 07:00,887.0511317,22.97448314,39.79431379,90.99698678,1042.291574,378.448999
16-05-2023 08:00,301.235567,16.74856533,19.99206106,35.75008209,1044.703579,166.6673277
16-05-2023 09:00,652.5159059,0.3361011,-8.340184247,33.30258561,1018.319785,428.7921837
16-05-2023 10:00,313.6492876,5.115636814,-5.920418481,92.82363382,971.1366644,478.9140529
16-05-2023 11:00,763.8366689,17.07093165,14.07945276,82.49741762,953.9729153,274.5676866
16-05-2023 12:00,924.0625022,19.10998006,10.30860065,22.69710294,964.7200228,392.2391142
16-05-2023 13:00,547.6861231,20.99648932,20.30886529,79.23920535,1046.554692,286.1817595
16-05-2023 14:00,590.4738082,7.304420085,11.94239049,92.17297882,996.2096824,81.26016324
16-05-2023 15:00,941.9382692,23.27571491,36.70384246,17.06600964,1035.498601,196.7501808
16-05-2023 16:00,616.7931109,13.82367234,16.73698577,84.26934954,996.5044154,89.36901033
16-05-2023 17:00,590.0787504,17.41347556,24.68630307,59.26780467,1016.081758,494.9956037
16-05-2023 18:00,662.6632822,14.91847157,34.82426363,70.22777044,952.4140777,153.0616604
16-05-2023 19:00,0,3.068501367,-2.656406208,54.3568905,974.9864943,336.1551887
16-05-2023 20:00,0,24.07786648,1.486732706,72.80227764,993.626928,177.9552959
16-05-2023 21:00,0,3.071889497,-4.634066976,13.06880755,1013.063105,343.9607969
16-05-2023 22:00,0,6.37204891,-3.018080039,78.64360509,967.1521188,144.6807609
16-05-2023 23:00,0,20.34069701,15.62919835,13.00093281,1026.455146,403.3715297
17-05-2023 00:00,0,15.46492404,6.058962948,50.9769863,986.4404706,99.86522128
17-05-2023 01:00,0,20.95372913,11.15864198,23.58684938,1031.743527,452.81768
17-05-2023 02:00,0,12.89340471,39.12449159,84.12168496,959.796909,428.1897616
17-05-2023 03:00,0,9.424830884,-2.16478261,38.22948183,1017.975659,355.4633046
17-05-2023 04:00,0,23.04613749,17.04060354,50.86841901,979.3328333,80.33658221
17-05-2023 05:00,0,0.906307938,-5.056442247,48.58756672,1029.538317,143.8560627
17-05-2023 06:00,966.1307798,21.40325551,5.924815663,79.52517691,990.2170427,436.7127181
17-05-2023 07:00,894.1643678,5.77044463,16.37629618,53.30299238,1016.534963,104.8884954
17-05-2023 08:00,201.7127355,21.21840819,37.3315873,81.00625015,1043.430527,120.1694433
17-05-2023 09:00,504.1929331,3.479915335,9.561411064,16.61574491,952.0626632,294.8014957
17-05-2023 10:00,854.8340639,14.50547409,-6.754665189,27.24345711,951.1116782,173.3798479
17-05-2023 11:00,493.0024048,22.20269798,9.408072398,59.63808247,1027.027925,149.934065
17-05-2023 12:00,681.2388051,11.83849117,-2.712941206,95.23794923,1014.639305,309.1160443
17-05-2023 13:00,685.0535579,18.66416685,1.499480665,16.7282062,979.2979721,217.6595044
17-05-2023 14:00,492.0202432,20.11679045,20.90453116,13.87757945,999.4396703,113.2519535
17-05-2023 15:00,923.5791418,18.41235522,-6.62880669,24.08956074,954.1935666,290.6841954
17-05-2023 16:00,602.5826763,23.13324342,13.23618781,67.7037816,969.2445605,224.1555815
17-05-2023 17:00,571.8273648,11.17085576,20.4730793,45.9093625,992.4496375,380.5325484
17-05-2023 18:00,998.0109965,4.328135979,11.09291962,84.29971415,1033.404442,96.23994904
17-05-2023 19:00,0,1.195276593,-9.043682469,16.47398363,997.9667183,329.2759598
17-05-2023 20:00,0,6.161496741,39.27596785,27.67726781,1008.63625,246.4219971
17-05-2023 21:00,0,3.579937597,8.355788367,37.00237649,1037.375379,232.7278438
17-05-2023 22:00,0,13.94871854,28.92885935,66.4057078,980.8818914,154.5294596
17-05-2023 23:00,0,4.62363343,6.282324609,71.66554213,1020.069932,63.69171269
18-05-2023 00:00,0,0.973342682,13.75083785,21.17829646,1036.166726,431.4601375
18-05-2023 01:00,0,0.899745722,9.423182131,94.94242381,970.2615701,196.8845387
18-05-2023 02:00,0,20.78923746,7.126961475,40.69397217,985.6478165,356.4909679
18-05-2023 03:00,0,14.78624829,-8.90743114,74.18518867,1047.981017,476.4143299
18-05-2023 04:00,0,8.952132547,8.001046893,57.17869471,1048.321856,304.2456341
18-05-2023 05:00,0,22.35570107,34.47449952,30.04823022,972.322993,228.7161061
18-05-2023 06:00,304.3645092,1.754915285,24.51966693,86.16054908,956.6445839,170.7231049
18-05-2023 07:00,980.4839749,24.50805182,-2.728857045,83.64142254,977.0921611,470.3197067
18-05-2023 08:00,894.6591709,15.40729476,19.55775023,45.64646685,989.7731957,356.9345681
18-05-2023 09:00,914.5889178,4.586606349,34.611543,62.97468271,994.1005601,349.376627
18-05-2023 10:00,909.1011077,16.97672747,25.00170205,33.20431263,1011.880631,241.7712463
18-05-2023 11:00,633.3494592,19.08453149,-2.565780382,72.08664659,1039.950276,430.2719208
18-05-2023 12:00,717.1213893,10.73356958,33.39162484,37.81241314,983.0348012,371.1524842
18-05-2023 13:00,636.2902817,21.54081516,5.077200664,85.96708609,1034.998454,177.4324723
18-05-2023 14:00,240.9650794,3.768310182,12.70380722,29.56465938,959.3478921,319.810397
18-05-2023 15:00,796.4024683,6.970939589,16.30713798,11.33230805,954.1874699,243.5872796
18-05-2023 16:00,604.2656267,2.33730904,32.52533022,34.16572378,1000.404518,52.96557327
18-05-2023 17:00,718.1672598,5.271946015,36.58037476,27.19472378,955.9662223,413.4305442
18-05-2023 18:00,602.111844,5.968220298,36.48264389,55.74577958,989.2489801,105.273657
18-05-2023 19:00,0,22.94082977,-9.602290936,28.33329625,1039.677812,279.4795277
18-05-2023 20:00,0,1.952742219,36.09442428,78.68708836,974.1483036,201.3017869
18-05-2023 21:00,0,10.685378,-7.2806517,31.72335742,1020.597578,203.9400685
18-05-2023 22:00,0,13.30996718,3.288682841,73.62713619,980.2365392,264.8141975
18-05-2023 23:00,0,22.46732635,15.74939274,62.06238307,954.4920055,498.6603968
19-05-2023 00:00,0,24.94240547,13.99628445,98.76248708,1005.669058,233.7708563
19-05-2023 01:00,0,18.83470287,20.23548969,99.99108793,1033.485349,132.0481534
19-05-2023 02:00,0,24.26977476,13.97231144,88.2573475,990.9468448,326.1228521
19-05-2023 03:00,0,19.67752831,36.71878398,78.39850324,1011.729383,156.3294686
19-05-2023 04:00,0,24.08006602,2.027442411,44.78107726,1040.00236,97.49711152
19-05-2023 05:00,0,17.68176815,3.701234702,77.79490544,1028.969451,72.57837743
19-05-2023 06:00,834.9739406,1.994085636,36.03689678,96.10079834,969.3876399,60.29657331
19-05-2023 07:00,828.1622943,10.04800467,-6.163024313,12.10398179,1023.338396,244.0240917
19-05-2023 08:00,389.8541634,16.1649321,20.4780411,58.41232302,1000.189303,242.0266009
19-05-2023 09:00,430.9330421,8.767962736,24.0867976,29.61984739,1024.596681,133.49543
19-05-2023 10:00,950.3902924,6.834597953,15.27708617,60.20886843,999.4515551,402.8085742
19-05-2023 11:00,860.5371568,14.43498168,24.71159394,51.98023808,962.7958164,108.1717826
19-05-2023 12:00,758.2376265,23.33754692,-1.362267699,61.81917234,1006.990945,461.8927367
19-05-2023 13:00,265.7865772,0.874546838,32.63161164,59.58659993,999.2133992,314.4091899
19-05-2023 14:00,534.6112647,19.23078009,-2.998715527,96.40963353,1001.792173,62.42736925
19-05-2023 15:00,647.4414977,18.06818195,10.04062222,59.6967498,1037.890245,483.3376816
19-05-2023 16:00,349.9290304,24.09883563,-6.237119935,86.16088793,1039.483705,188.5735668
19-05-2023 17:00,558.5812657,23.26778056,17.26055394,38.78382581,995.3537107,252.4887318
19-05-2023 18:00,680.820702,19.05581405,23.48729037,49.42906199,995.5732041,177.9209118
19-05-2023 19:00,0,13.01021912,37.06108175,52.33721284,1001.518696,377.7895841
19-05-2023 20:00,0,5.106688831,26.96680979,35.0855239,1001.958928,268.5560993
19-05-2023 21:00,0,13.63089296,17.05514582,44.18112353,1045.038714,109.5678317
19-05-2023 22:00,0,19.13379985,36.63085086,63.86617715,1014.940047,96.89177856
19-05-2023 23:00,0,22.39173032,13.9218419,62.2168987,977.7456995,376.418936
20-05-2023 00:00,0,19.74280023,18.06028265,67.27918101,1003.15368,156.6866322
20-05-2023 01:00,0,4.88167338,19.80492638,41.66361239,1012.722358,112.0070186
20-05-2023 02:00,0,14.99215786,10.49898629,38.42483456,1013.977172,274.7424186
20-05-2023 03:00,0,8.304336488,31.92413453,65.04560945,1008.525423,411.2443794
20-05-2023 04:00,0,0.230141685,-0.741203058,21.95755736,967.7736155,175.4522356
20-05-2023 05:00,0,5.005523395,17.74210952,32.77283892,953.3593189,174.3942253
20-05-2023 06:00,926.3124803,2.830516248,26.11166281,13.79149633,983.7843052,425.2465671
20-05-2023 07:00,490.5513569,21.06797809,35.19880859,16.53497673,992.7522155,116.5252076
20-05-2023 08:00,429.7218108,6.462656304,34.19591982,31.90449513,956.180424,327.5274163
20-05-2023 09:00,600.5879249,7.117449222,15.43701447,11.75763523,1031.496734,479.7560673
20-05-2023 10:00,564.7569486,23.99841429,22.15807256,32.08695329,984.4077438,428.5864173
20-05-2023 11:00,475.542437,9.477168076,9.711886806,68.94786908,1041.363275,77.8168552
20-05-2023 12:00,754.993039,0.239641004,13.40888814,15.49963706,965.4410108,193.9598945
20-05-2023 13:00,807.6494671,7.096153709,35.31328963,49.306301,955.6934957,114.0685095
20-05-2023 14:00,882.3871752,2.982489515,36.53519966,92.17979082,998.2316104,477.158287
20-05-2023 15:00,978.2852838,2.570214043,34.7707029,81.2156346,968.9129337,493.6737048
20-05-2023 16:00,413.3249537,1.937182253,-3.081456909,37.48937521,1043.739928,155.7468592
20-05-2023 17:00,772.874786,14.83148675,32.50420107,93.23249313,951.0303398,351.3645702
20-05-2023 18:00,515.4065884,4.733693091,37.41818655,39.66818471,991.2619675,428.7342794
20-05-2023 19:00,0,9.031069851,8.062484729,16.52639467,1042.674777,155.156128
20-05-2023 20:00,0,21.5504429,15.93231447,99.46503611,988.4418207,134.4562854
20-05-2023 21:00,0,10.60845349,28.95476279,88.30202745,959.3109281,55.04496046
20-05-2023 22:00,0,22.89228375,18.10390688,51.9339505,980.2894943,235.3831056
20-05-2023 23:00,0,12.44845133,39.67417609,69.97388718,999.8010394,454.7468581
21-05-2023 00:00,0,9.970915371,12.78566826,70.41052701,968.5151687,456.3408421
21-05-2023 01:00,0,18.75972318,25.69713556,27.50340077,996.6561705,107.4844074
21-05-2023 02:00,0,1.829377469,29.62955701,28.00437698,1033.63432,141.9586162
21-05-2023 03:00,0,2.236959575,14.70502079,52.2622633,1037.261797,233.6212989
21-05-2023 04:00,0,16.29934285,32.84919029,92.04158261,954.9260735,401.2810453
21-05-2023 05:00,0,12.17351783,17.30772956,10.89943974,966.0903358,325.3331676
21-05-2023 06:00,216.1889861,19.76038126,10.58253984,80.42550724,977.5290136,281.2323846
21-05-2023 07:00,619.194534,22.90677093,-4.608816307,15.17741053,1009.486585,316.3693479
21-05-2023 08:00,604.0462402,9.709171942,9.670678818,53.03999034,986.0994759,93.28986221
21-05-2023 09:00,620.2003719,14.91025066,26.69682274,67.40855498,1034.404091,264.948639
21-05-2023 10:00,979.22498,12.51741569,36.06432058,71.80833404,1021.667187,496.4284803
21-05-2023 11:00,929.1632028,24.54026639,2.583970193,15.26313373,960.0456023,89.80076612
21-05-2023 12:00,329.3702227,20.77711018,7.761775867,47.67432556,1012.45575,283.6610049
21-05-2023 13:00,495.1060172,22.79344271,-2.301950295,62.54535345,961.3012625,183.0421677
21-05-2023 14:00,539.1649436,6.358502189,24.53614471,15.94409836,975.503567,292.9609836
21-05-2023 15:00,488.4263343,19.31316058,38.0094215,22.15851009,967.7870634,308.218442
21-05-2023 16:00,838.7967709,6.636830625,22.04761099,69.72840906,967.3061949,309.8628042
21-05-2023 17:00,619.2301359,5.218563336,20.8538265,56.94743769,1011.639552,433.4939534
21-05-2023 18:00,657.6798536,23.60665399,17.67449653,24.56457951,1006.360492,225.3863366
21-05-2023 19:00,0,0.482610418,-5.577212966,58.17154032,967.6028153,282.3593732
21-05-2023 20:00,0,24.13471759,26.47519132,92.14231361,1049.017281,54.91777954
21-05-2023 21:00,0,3.731547425,20.10247718,11.40288263,992.1836732,405.2977707
21-05-2023 22:00,0,20.48595204,23.07383844,67.83703961,959.7069328,166.7694683
21-05-2023 23:00,0,6.898063827,34.94055465,16.62853911,962.0569017,417.4497608
22-05-2023 00:00,0,8.767558186,29.19803935,10.58044987,1008.389371,169.5373999
22-05-2023 01:00,0,5.418942783,29.04576261,23.55890398,1047.90694,54.85482332
22-05-2023 02:00,0,14.63785106,36.35918844,48.06159687,1007.19511,119.6740932
22-05-2023 03:00,0,8.702388688,39.49674757,82.21095991,1044.904148,493.5573062
22-05-2023 04:00,0,16.43482599,19.0641366,35.36069469,994.4132851,193.9105607
22-05-2023 05:00,0,0.391182949,-4.555919198,66.31058911,993.5841104,98.97075591
22-05-2023 06:00,815.5883099,1.609372088,12.95649539,47.00409742,1000.000736,103.4414616
22-05-2023 07:00,395.8316152,2.491528818,29.38005732,31.08986128,1019.742546,189.6542213
22-05-2023 08:00,239.5579493,10.47484213,-8.613733762,56.28224029,986.7615966,66.9402685
22-05-2023 09:00,879.0021605,20.36990432,-7.155628082,81.77180413,1036.388603,280.1698647
22-05-2023 10:00,207.967793,22.20444776,-6.642110881,84.92431331,952.9281385,146.183412
22-05-2023 11:00,949.6899951,6.120268502,26.55178792,86.18675787,993.9764195,283.6897886
22-05-2023 12:00,702.0958992,14.35924311,15.05833143,40.47020313,1001.099185,113.3438984
22-05-2023 13:00,457.4773082,19.20912482,8.444897176,81.41104582,1010.703224,243.4357531
22-05-2023 14:00,397.1823277,7.220735748,-4.719147737,29.09606096,977.6071912,319.0625863
22-05-2023 15:00,207.2045314,10.22519342,26.61201251,76.45825911,992.7479971,77.89997225
22-05-2023 16:00,388.3771336,13.09935507,6.050990528,95.35459836,998.453775,229.4371892
22-05-2023 17:00,310.1826412,3.37187116,3.266203503,11.23694512,1018.690998,186.1357194
22-05-2023 18:00,689.7329766,0.649557343,22.61596008,49.63275381,1027.354418,158.1619174
22-05-2023 19:00,0,3.820145233,17.95054463,68.29938896,1023.782733,322.0405817
22-05-2023 20:00,0,15.67134053,8.120532091,73.15981934,984.1583052,314.8438936
22-05-2023 21:00,0,1.840456538,22.07437354,25.84789824,1049.945052,333.814913
22-05-2023 22:00,0,4.742409121,3.561076019,97.49649477,1034.866531,121.4972017
22-05-2023 23:00,0,8.446347142,29.74151308,65.37388312,976.0023373,178.5691602
23-05-2023 00:00,0,1.946751608,1.465947515,24.79065411,969.5105806,144.3554501
23-05-2023 01:00,0,4.792481779,-2.058115231,11.84702605,981.4021251,293.2266222
23-05-2023 02:00,0,22.78174472,29.12197047,80.49377789,995.2344853,257.4795601
23-05-2023 03:00,0,0.482478306,25.39460153,17.17342655,1035.079938,198.6321819
23-05-2023 04:00,0,16.3357981,-0.868051215,22.6945829,1027.836226,403.706664
23-05-2023 05:00,0,9.610223273,-4.187712366,61.73470242,1035.124612,92.28818498
23-05-2023 06:00,562.3984807,16.81621849,31.91995442,64.31549531,977.1957115,488.7035099
23-05-2023 07:00,610.306082,14.71729301,28.82992411,71.81984067,1009.346122,102.444835
23-05-2023 08:00,770.4251651,5.587468859,6.362868685,45.41626114,978.3249062,397.8818657
23-05-2023 09:00,418.8022927,21.18023719,22.90987041,79.65088021,960.9023161,215.7035851
23-05-2023 10:00,297.2698796,12.29850957,-3.791990673,97.69227397,1018.419774,439.3680031
23-05-2023 11:00,644.8458682,20.56340047,15.35238295,34.39854488,964.2997551,83.37647695
23-05-2023 12:00,461.5820986,10.1503134,-9.063485397,73.27257549,1016.769776,218.6247696
23-05-2023 13:00,553.9930509,24.61713885,9.580094046,93.56217872,1014.79643,200.9495329
23-05-2023 14:00,717.5573667,19.26223396,-6.257858926,71.76580864,1031.024844,496.9206672
23-05-2023 15:00,595.3005929,24.14875513,13.75735901,71.29985488,963.9554605,493.4970477
23-05-2023 16:00,696.2230537,12.85816197,11.08408234,30.13953122,1028.348015,135.4117814
23-05-2023 17:00,635.3600017,11.84227831,12.21925133,58.16171803,1049.927653,333.4761323
23-05-2023 18:00,791.8370975,18.88634523,-7.733434898,60.62705592,1035.104245,290.983739
23-05-2023 19:00,0,22.00728158,8.080817064,73.01166062,1025.181208,119.4680711
23-05-2023 20:00,0,24.1036449,27.82419245,99.71393049,1016.216535,125.5008677
23-05-2023 21:00,0,8.113797651,8.445718668,13.02794403,992.1781485,495.1632778
23-05-2023 22:00,0,19.96761435,25.75859763,15.87093951,1023.050017,253.7284971
23-05-2023 23:00,0,5.266139941,8.473936182,17.01550625,1022.417804,106.6105814
24-05-2023 00:00,0,13.63935867,11.16197207,76.8681221,1013.149828,146.6555174
24-05-2023 01:00,0,4.49620371,18.19460564,22.27184156,1029.627838,170.7566303
24-05-2023 02:00,0,8.684934044,37.53409684,66.0206687,994.8763888,279.9127685
24-05-2023 03:00,0,23.28395918,-4.556977668,39.22019901,962.1252712,200.9966583
24-05-2023 04:00,0,3.652267494,-8.354311567,51.15879606,1005.906773,254.7553037
24-05-2023 05:00,0,15.81002238,20.39785919,29.40968438,976.5043529,124.924798
24-05-2023 06:00,798.717085,14.82385682,37.45485445,87.94959052,988.4433097,197.0279108
24-05-2023 07:00,807.0353142,3.018458818,39.48615663,62.75352917,951.7414904,81.64246672
24-05-2023 08:00,962.4888682,8.149476094,14.20821237,95.01069372,988.2790588,450.3696231
24-05-2023 09:00,243.3075267,14.07453761,13.40408105,61.71366247,1030.880111,139.4386147
24-05-2023 10:00,677.4854886,4.679465225,22.24818854,21.15172275,1004.272237,390.6050609
24-05-2023 11:00,542.2724565,20.01559141,17.78173786,25.37833905,950.9800527,207.2983047
24-05-2023 12:00,464.5063639,24.30391274,21.70440288,99.01665787,996.984382,263.4787935
24-05-2023 13:00,272.2548482,5.368984999,33.69997128,75.30086776,979.1451648,181.0674678
24-05-2023 14:00,650.1232957,4.67279912,27.31530847,14.4350875,997.7550655,363.398572
24-05-2023 15:00,583.2325805,11.37337679,14.84386958,73.34029045,990.4692721,430.0458887
24-05-2023 16:00,283.6435665,18.69413193,13.09322295,47.09557421,1043.197922,178.8215831
24-05-2023 17:00,689.9916057,7.040015256,21.98008743,37.64875481,954.1177299,158.9979396
24-05-2023 18:00,790.3624962,0.496997717,12.78531422,23.86547144,1018.358801,356.6481195
24-05-2023 19:00,0,13.5305157,12.88896756,85.59135591,1035.10266,137.8188773
24-05-2023 20:00,0,23.91501419,-9.184704911,15.74572411,1045.923858,337.9278945
24-05-2023 21:00,0,9.781921385,-1.29679313,36.08519161,967.7636227,92.49263586
24-05-2023 22:00,0,10.50336385,14.425682,37.57446044,1003.13048,329.061722
24-05-2023 23:00,0,24.22254293,31.13267295,24.48147556,954.3589577,281.0330303
25-05-2023 00:00,0,17.36519029,3.936350336,55.7366395,999.9183524,101.257572
25-05-2023 01:00,0,17.97929807,16.13217166,11.05323641,962.545809,342.0966357
25-05-2023 02:00,0,14.06755013,7.248104238,37.08779639,1033.789667,250.9507207
25-05-2023 03:00,0,24.36523027,-4.759800523,94.02664996,961.3870003,147.7017729
25-05-2023 04:00,0,17.22166211,37.91492415,37.94766124,1001.328836,209.0228701
25-05-2023 05:00,0,22.37581879,32.73369351,42.44134484,1002.109607,271.4459475
25-05-2023 06:00,799.9895875,17.48447164,-6.075378777,52.58485434,1047.16505,91.19940227
25-05-2023 07:00,607.9119586,18.37789562,25.98936312,60.55240374,1015.498069,480.9242674
25-05-2023 08:00,283.8581128,7.260273054,7.378995218,82.78377803,978.7840293,349.5029703
25-05-2023 09:00,886.6330684,7.58696745,39.74249035,27.12891008,974.079931,96.14074158
25-05-2023 10:00,447.8116665,19.57461624,5.119925991,88.45717395,962.8248206,420.2879829
25-05-2023 11:00,977.0379682,7.417657229,1.936922268,78.17944214,1025.651472,195.1497189
25-05-2023 12:00,294.2880869,14.06925177,18.39452742,75.03853012,1019.075666,318.5597915
25-05-2023 13:00,966.6009378,6.233807773,31.75630817,17.81241163,1010.987713,174.7142787
25-05-2023 14:00,272.8094455,20.42458452,-0.374056409,11.9476621,954.0840443,380.0326752
25-05-2023 15:00,384.8289104,2.762533781,25.47013849,63.46114308,1026.282887,375.3540388
25-05-2023 16:00,237.2639537,20.73616599,-6.929670843,87.68205663,1014.188758,298.4195556
25-05-2023 17:00,764.0905173,15.06824501,35.94673716,62.59973177,1046.388887,158.4165166
25-05-2023 18:00,880.2389893,4.672738371,-5.946254193,29.19113789,1008.720213,164.1667134
25-05-2023 19:00,0,13.55088464,35.71156882,18.14679082,980.3951907,222.2882585
25-05-2023 20:00,0,7.062470921,14.54036247,72.96368075,988.1520552,115.2554753
25-05-2023 21:00,0,8.086683368,12.40455564,74.95932496,967.5840705,201.9450709
25-05-2023 22:00,0,8.78820104,38.66535398,25.52785306,1022.291418,357.9595706
25-05-2023 23:00,0,1.582981174,39.51920888,12.53712839,1020.772166,423.880376
26-05-2023 00:00,0,24.64904211,22.5089063,46.74551619,970.0650015,199.6620307
26-05-2023 01:00,0,0.788365703,-3.644035407,62.44468319,965.8489323,155.1156162
26-05-2023 02:00,0,16.56242183,15.30850428,73.54021686,957.7004933,424.6891603
26-05-2023 03:00,0,9.280691194,16.45815505,82.89505082,1041.197574,450.8168123
26-05-2023 04:00,0,16.15025727,15.72232141,64.94836846,973.3069834,234.5096855
26-05-2023 05:00,0,8.906206327,18.47459193,19.97925477,984.4163527,62.10686923
26-05-2023 06:00,301.8976288,16.84376616,-9.06376431,71.43235049,978.0504508,362.7327294
26-05-2023 07:00,858.9794289,18.23088774,25.56136407,98.57589786,991.3624603,402.8149563
26-05-2023 08:00,527.8707825,17.26381601,25.6197151,91.50261261,1021.40488,58.11091392
26-05-2023 09:00,992.6410848,2.849049534,-4.226511241,88.45020183,1037.059563,317.763884
26-05-2023 10:00,577.8247715,16.42233087,18.51197212,37.1953138,968.259875,314.7659412
26-05-2023 11:00,643.068866,6.999688736,18.41805912,77.57093588,1018.641234,220.4185589
26-05-2023 12:00,623.8199322,0.720034264,24.12252101,86.59931014,985.2562142,387.3952966
26-05-2023 13:00,457.3896239,10.3707668,-5.730115393,71.04935842,1048.052717,242.6805672
26-05-2023 14:00,260.0176711,10.83857757,21.32516536,32.55055809,979.8919159,354.5491783
26-05-2023 15:00,916.5209843,11.67935333,4.037597537,95.84505747,950.7192956,282.7027871
26-05-2023 16:00,842.14065,17.62060413,15.35014952,50.57374703,1001.563997,161.8090721
26-05-2023 17:00,311.6214244,7.721095229,28.66617764,21.68250028,965.0731084,322.9253884
26-05-2023 18:00,821.4146171,7.882012828,25.28229682,19.88001056,954.4494427,381.6088227
26-05-2023 19:00,0,1.513806406,-4.054849116,68.27670886,1019.826923,488.257553
26-05-2023 20:00,0,17.1705304,19.55923936,49.39386818,1023.225928,221.0490261
26-05-2023 21:00,0,14.19565228,38.45582655,18.50354877,996.0699013,79.0126451
26-05-2023 22:00,0,8.735627817,-2.161528133,76.63281149,1017.688552,494.5870495
26-05-2023 23:00,0,17.62972447,32.64535439,81.93926505,1003.823945,330.7129967
27-05-2023 00:00,0,13.43394373,25.12740403,75.28740677,1012.980111,475.9027062
27-05-2023 01:00,0,11.73112365,28.70016565,28.20347899,1009.670397,96.72218871
27-05-2023 02:00,0,12.78311359,4.097916357,72.07979104,1016.582276,203.9152279
27-05-2023 03:00,0,15.90870313,4.394446469,10.96505226,969.9630649,110.2715145
27-05-2023 04:00,0,16.50006511,35.30097279,37.46009257,976.870662,425.9795696
27-05-2023 05:00,0,7.223945479,7.991601605,45.89393783,993.996315,446.1542336
27-05-2023 06:00,729.0431698,3.518584085,-6.849230465,85.1722254,994.6128009,275.5902649
27-05-2023 07:00,929.0049215,3.91585453,20.02983518,45.13549358,1027.441171,133.9727979
27-05-2023 08:00,523.0052884,15.98477215,-3.759116548,11.01425016,986.7393659,107.2035361
27-05-2023 09:00,366.1994184,21.82183214,29.82981207,41.71117706,966.2505156,314.6738495
27-05-2023 10:00,718.9975498,10.23740696,22.08732213,54.90316885,975.146597,277.8693461
27-05-2023 11:00,896.9496371,4.238004008,33.73632526,95.4104308,971.4733502,362.6550961
27-05-2023 12:00,798.6550409,18.91506246,29.24186249,94.69308734,1023.166002,187.3432682
27-05-2023 13:00,895.0057844,20.81223686,-4.394317583,26.27866344,997.0339615,231.0655978
27-05-2023 14:00,629.2437368,22.01456108,9.053533822,26.66318876,1020.86307,59.61248323
27-05-2023 15:00,801.5009955,15.17078572,28.7280125,24.70433108,991.6219681,324.5643703
27-05-2023 16:00,312.0516475,21.51821398,10.86707366,81.00297392,1038.97356,240.4145846
27-05-2023 17:00,478.6196923,0.385373961,38.61827424,10.54198363,1048.352031,463.8940852
27-05-2023 18:00,511.6393316,2.680895044,26.78702249,21.44594784,1016.984251,338.803834
27-05-2023 19:00,0,2.314401676,-9.225004165,58.41636685,1036.381256,229.4125212
27-05-2023 20:00,0,17.81511711,33.99928458,32.28058602,1000.793327,168.6151314
27-05-2023 21:00,0,1.739544589,-4.959760757,18.31208124,1043.462084,457.3782242
27-05-2023 22:00,0,12.40910931,-2.973813791,42.38902111,1033.158649,57.31928335
27-05-2023 23:00,0,11.81767247,26.72462003,34.67868446,1049.177857,197.1106103
28-05-2023 00:00,0,7.767588089,33.24842797,55.99938759,1012.309374,474.5775127
28-05-2023 01:00,0,21.76012925,16.81748139,98.13102344,1027.920674,344.3148531
28-05-2023 02:00,0,4.260830047,4.452486647,21.18741731,1004.286814,289.7235821
28-05-2023 03:00,0,8.81156961,7.565777263,43.54540344,975.9120104,141.5906231
28-05-2023 04:00,0,19.3542875,7.14446648,93.87865161,985.4755171,425.0186484
28-05-2023 05:00,0,0.76055786,6.33390519,88.91857391,1039.400541,141.8895782
28-05-2023 06:00,870.5273611,16.82376001,2.145483591,45.48439313,955.5947947,161.7140892
28-05-2023 07:00,620.1617602,20.40994316,20.44335473,72.90579381,1009.147989,136.3330143
28-05-2023 08:00,366.6615575,23.30669597,35.02026593,17.90713122,987.2484033,121.1672573
28-05-2023 09:00,619.7507297,21.90741601,5.354120654,74.128695,988.6692538,478.9906232
28-05-2023 10:00,644.0660812,7.984602921,-0.665285127,97.55719565,1038.457121,320.9142183
28-05-2023 11:00,793.9660514,14.65910353,31.92888332,58.37393376,1035.382237,337.0267094
28-05-2023 12:00,375.9063918,1.932337329,27.08916654,54.86412043,1009.884238,479.4464596
28-05-2023 13:00,494.6483057,6.446750089,36.54185158,26.85867577,977.2918847,153.7587748
28-05-2023 14:00,491.2219754,2.355559469,-1.72401322,67.0409379,997.5456346,52.66289237
28-05-2023 15:00,967.5516766,7.879682254,-2.787434294,63.13935527,990.8293394,319.4976423
28-05-2023 16:00,555.1559683,21.87968034,17.07146972,68.67397535,985.3618029,278.530184
28-05-2023 17:00,804.0751738,8.679170992,20.72168274,12.3474958,960.2785579,264.9426698
